r_type,t_type,eta_mean,gamma_mean,perc_recomm_found_mean,eta_obs_mean,eta_obs_refit_mean,eta_obs_individualized_mean,eta_obs_refits_batch0_mean_mean,gamma_obs_mean,intv-cost_mean,eta_std,gamma_std,perc_recomm_found_std,eta_obs_std,eta_obs_refit_std,eta_obs_individualized_std,eta_obs_refits_batch0_mean_std,gamma_obs_std,intv-cost_std
individualized,acceptance,0.9,0.9,1.0,1.0,0.1301722213625908,,1.0,0.054485490918159483,0.10078678610800303,0.0,0.0,0.0,0.0,0.007876867232912725,,0.0,0.001547829458167733,0.0002758927395721925
individualized,improvement,0.9,0.9,0.8710309141244149,1.0,1.0,1.0,1.0,0.9959261178970337,0.5,0.0,0.0,0.008189069211181007,0.0,0.0,0.0,0.0,0.0022253802780950066,0.0
subpopulation,acceptance,0.9,0.9,1.0,1.0,0.1291625067591667,,1.0,0.053069686889648436,0.10015923488036094,0.0,0.0,0.0,0.0,0.00789973009650213,,0.0,0.0030702583729600025,0.00021807659687573635
subpopulation,improvement,0.9,0.9,0.8704305990995838,1.0,1.0,,1.0,0.9959230542182922,0.5,0.0,0.0,0.008494386834422763,0.0,0.0,,0.0,0.002227926562545948,0.0
