r_type,t_type,vaccinated_mean,symptom-free_mean,causes_mean,non-causes_mean,vaccinated_std,symptom-free_std,causes_std,non-causes_std
individualized,acceptance,0.001966965270007525,0.9980330347299924,0.001966965270007525,0.9980330347299924,0.0006897318489304702,0.000689731848930493,0.0006897318489304702,0.000689731848930493
individualized,improvement,1.0,,1.0,0.0,0.0,,0.0,0.0
subpopulation,acceptance,0.000398087200902331,0.9996019127990976,0.000398087200902331,0.9996019127990976,0.0005451914921893303,0.0005451914921893356,0.0005451914921893303,0.0005451914921893356
subpopulation,improvement,1.0,,1.0,0.0,0.0,,0.0,0.0
