,y_hat
4879,False
4439,False
5882,False
4237,False
5106,False
4398,False
5204,False
4467,False
4935,False
4844,False
4295,False
4757,False
5796,False
4021,False
5295,False
5341,False
5207,False
5992,False
4049,False
5224,False
5877,False
4365,False
4920,False
5647,False
4650,False
4286,False
4961,False
5032,False
5014,False
4030,False
4308,False
5609,False
4822,False
5280,False
5275,False
4602,False
5867,False
5997,False
4122,False
5187,False
5364,False
5200,False
5533,False
4350,False
4612,False
5964,False
4618,False
5419,False
5808,False
4191,False
5691,False
5297,False
4630,False
4018,False
5577,False
5839,False
4894,False
4763,False
4062,False
5608,False
5321,False
4678,False
4609,False
5962,False
5996,False
4059,False
5382,False
4836,False
4002,False
5470,False
4253,False
4704,False
5318,False
4653,False
4765,False
5675,False
5726,False
5749,False
4725,False
4222,False
4071,False
4036,False
5381,False
4051,False
4187,False
5388,False
4381,False
5038,False
5921,False
5502,False
4881,False
4580,False
5104,False
4063,False
5190,False
5539,False
5754,False
5954,False
4461,False
5062,False
5315,False
4000,False
5573,False
5529,False
4370,False
4584,False
5910,False
4983,False
5690,False
5314,False
4649,False
4465,False
4746,False
4528,False
5553,False
4146,False
4086,False
4047,False
4792,False
4388,False
4371,False
4531,False
5922,False
4694,False
4912,False
4101,False
5937,False
5730,False
4897,False
4898,False
5717,False
5130,False
5492,False
4521,False
4687,False
5247,False
4789,False
5354,False
5319,False
5574,False
5004,False
4949,False
5118,False
5221,False
5723,False
4481,False
4256,False
4814,False
4255,False
5175,False
4342,False
4498,False
5666,False
4037,False
4085,False
4214,False
4706,False
4987,False
5413,False
4868,False
5243,False
4098,False
5441,False
5425,False
5340,False
5881,False
4386,False
4034,False
5886,False
4183,False
4129,False
5807,False
5857,False
5605,False
4526,False
5831,False
5199,False
4387,False
4963,False
5462,False
4358,False
4040,False
5328,False
5651,False
4603,False
4269,False
4508,False
5736,False
5482,False
4252,False
4794,False
4415,False
4977,False
4919,False
5566,False
5421,False
5404,False
5231,False
4094,False
4583,False
4996,False
5237,False
5493,False
4510,False
5282,False
4973,False
4862,False
4320,False
4307,False
4504,False
5305,False
4761,False
4758,False
5804,False
4766,False
4476,False
4053,False
4570,False
4416,False
4751,False
5961,False
4143,False
4469,False
5191,False
5828,False
4638,False
4549,False
4139,False
4223,False
4628,False
4390,False
4436,False
5616,False
5386,False
5844,False
5159,False
4317,False
4490,False
4120,False
5621,False
4872,False
4708,False
4824,False
4954,False
5790,False
4433,False
5302,False
5443,False
5606,False
5845,False
4820,False
5366,False
5440,False
4319,False
5600,False
5589,False
4471,False
5371,False
5940,False
4939,False
5460,False
4936,False
5178,False
4438,False
4360,False
5154,False
4411,False
4293,False
4605,False
5772,False
4908,False
4770,False
5635,False
5610,False
5260,False
4174,False
4859,False
4298,False
5331,False
4597,False
4842,False
4946,False
4878,False
4900,False
4491,False
4201,False
5931,False
5163,False
5070,False
4104,False
5439,False
4297,False
5868,False
5064,False
4090,False
5150,False
4514,False
5618,False
4459,False
4620,False
4160,False
4158,False
4681,False
4184,False
5990,False
4046,False
5244,False
5968,False
5435,False
4768,False
4291,False
5832,False
5969,False
5535,False
4336,False
4613,False
4943,False
4060,False
4959,False
5016,False
5802,False
5020,False
5615,False
5001,False
5523,False
5488,False
4819,False
4039,False
5167,False
4631,False
5780,False
5286,False
5007,False
4121,False
5312,False
5423,False
4067,False
5661,False
5486,False
5972,False
4311,False
5619,False
5686,False
4550,False
5088,False
5846,False
5644,False
5025,False
5334,False
5325,False
5156,False
5009,False
4315,False
5168,False
4525,False
5108,False
4151,False
5116,False
4512,False
4166,False
4578,False
4475,False
5047,False
4750,False
5527,False
5326,False
5000,False
5446,False
4442,False
5216,False
5227,False
5131,False
4674,False
5023,False
5444,False
5513,False
5324,False
4148,False
4642,False
4399,False
4565,False
5261,False
4076,False
4835,False
5986,False
5128,False
5045,False
4473,False
5864,False
4655,False
5876,False
5889,False
4713,False
4957,False
5489,False
5181,False
5269,False
4611,False
5291,False
5050,False
4866,False
5560,False
5892,False
4867,False
5911,False
4228,False
5347,False
5946,False
5271,False
5369,False
5353,False
5688,False
5649,False
5313,False
5676,False
5485,False
4705,False
4485,False
5752,False
4217,False
5067,False
4537,False
5283,False
4203,False
4096,False
5396,False
4065,False
5317,False
4918,False
4530,False
4487,False
5952,False
4136,False
5132,False
4258,False
5420,False
4970,False
5897,False
4938,False
4818,False
4962,False
5253,False
4087,False
4545,False
5883,False
5085,False
4042,False
5747,False
5869,False
4834,False
4643,False
5397,False
5472,False
4585,False
4284,False
5079,False
4103,False
4875,False
4414,False
5356,False
5123,False
4517,False
4993,False
5374,False
4669,False
4234,False
5158,False
4884,False
4186,False
5392,False
4376,False
5157,False
5370,False
5194,False
4812,False
5656,False
5424,False
4524,False
5134,False
5951,False
5825,False
5731,False
4982,False
4887,False
5365,False
5559,False
5471,False
5273,False
5976,False
4783,False
5136,False
5448,False
4685,False
4980,False
4112,False
4141,False
4724,False
5987,False
4592,False
4840,False
4378,False
4828,False
4392,False
5669,False
4309,False
5633,False
4069,False
4072,False
5970,False
5097,False
5265,False
4831,False
4853,False
4456,False
4661,False
5648,False
4093,False
4636,False
4772,False
5409,False
4115,False
4413,False
5668,False
4259,False
5010,False
4880,False
4404,False
5743,False
4811,False
4948,False
4937,False
4363,False
5776,False
4006,False
5640,False
5026,False
5046,False
4999,False
5719,False
5755,False
4113,False
4651,False
5815,False
5816,False
4478,False
5612,False
4477,False
5693,False
4775,False
4455,False
4572,False
4289,False
5596,False
5866,False
4395,False
5144,False
4366,False
5540,False
4924,False
5483,False
5251,False
4843,False
5012,False
4956,False
5829,False
4640,False
5375,False
5250,False
4731,False
5241,False
5259,False
5958,False
4385,False
5474,False
4126,False
5673,False
5003,False
5725,False
5549,False
4543,False
4845,False
4402,False
4233,False
4412,False
5096,False
5463,False
5068,False
5385,False
4108,False
5733,False
4535,False
5182,False
5301,False
5840,False
4314,False
5762,False
4003,False
5984,False
5480,False
5728,False
4288,False
4907,False
5060,False
4154,False
5445,False
4474,False
4075,False
5519,False
4717,False
4911,False
5019,False
5505,False
5284,False
4448,False
5843,False
5774,False
4726,False
4718,False
4153,False
5859,False
5498,False
4850,False
5036,False
5346,False
5279,False
5166,False
4968,False
4197,False
4626,False
4621,False
5267,False
4634,False
5665,False
4552,False
5956,False
5603,False
5907,False
5771,False
5891,False
4007,False
5499,False
4798,False
4740,False
4633,False
5720,False
5294,False
4048,False
5432,False
4505,False
5165,False
5721,False
4873,False
4646,False
5258,False
4823,False
5310,False
4278,False
5086,False
5695,False
5941,False
5578,False
5750,False
4305,False
5716,False
4863,False
5706,False
4776,False
4781,False
4976,False
5308,False
5783,False
4156,False
4372,False
4522,False
4110,False
4134,False
5141,False
5709,False
4265,False
4529,False
4596,False
5531,False
5416,False
5195,False
4015,False
4558,False
5422,False
4515,False
4574,False
5874,False
4849,False
4338,False
4236,False
5597,False
5512,False
5727,False
5634,False
4538,False
4247,False
5027,False
5469,False
4240,False
5710,False
4429,False
5101,False
4686,False
4419,False
5945,False
4235,False
5052,False
4876,False
4861,False
4801,False
4435,False
4140,False
4532,False
5795,False
4668,False
5923,False
4107,False
5103,False
4422,False
5711,False
4239,False
5307,False
4972,False
4290,False
5152,False
5894,False
4182,False
5028,False
4569,False
5558,False
5766,False
5734,False
5447,False
5534,False
5511,False
5885,False
5994,False
4144,False
5226,False
5933,False
4405,False
5781,False
4493,False
5129,False
5146,False
4906,False
5645,False
5336,False
5242,False
4673,False
4238,False
5748,False
5590,False
5094,False
4106,False
4964,False
5797,False
4944,False
4449,False
5862,False
4128,False
4855,False
4774,False
4168,False
5823,False
4345,False
4377,False
5109,False
4261,False
5455,False
4730,False
5379,False
4200,False
4335,False
4567,False
4997,False
5800,False
5417,False
5481,False
5917,False
4848,False
5415,False
4790,False
4815,False
4734,False
5139,False
5920,False
4933,False
5189,False
4677,False
4737,False
5982,False
5372,False
4393,False
4172,False
4499,False
4023,False
4738,False
5936,False
5490,False
5225,False
4033,False
5959,False
4871,False
4225,False
4703,False
5501,False
4865,False
4001,False
5977,False
4914,False
4218,False
5254,False
5098,False
4664,False
4701,False
4622,False
4066,False
5543,False
4929,False
5112,False
4533,False
5220,False
5145,False
5909,False
4354,False
4786,False
4688,False
4590,False
5071,False
5855,False
4167,False
5981,False
5544,False
5692,False
5031,False
5639,False
5835,False
4635,False
5408,False
5684,False
5496,False
4629,False
4967,False
4248,False
5015,False
5151,False
4869,False
4205,False
5739,False
4965,False
5950,False
5170,False
4447,False
4591,False
4827,False
5113,False
4114,False
5300,False
4723,False
5863,False
5219,False
4557,False
4802,False
5584,False
4788,False
5773,False
4715,False
5737,False
5735,False
5928,False
5545,False
5497,False
4679,False
5407,False
5484,False
4665,False
4951,False
5438,False
5127,False
5516,False
4164,False
5069,False
5411,False
5789,False
4671,False
5522,False
4593,False
5926,False
5359,False
4754,False
4838,False
4978,False
5030,False
5622,False
4384,False
4369,False
5426,False
4995,False
5276,False
5729,False
5551,False
4926,False
4079,False
4219,False
5918,False
4667,False
5949,False
5024,False
4097,False
4744,False
5890,False
5778,False
5943,False
5218,False
4070,False
5058,False
4519,False
4832,False
4250,False
4472,False
5900,False
4266,False
5732,False
4610,False
4394,False
5278,False
4816,False
4444,False
4702,False
5682,False
5349,False
5674,False
4488,False
5652,False
4280,False
5345,False
5893,False
4267,False
4092,False
5655,False
5979,False
4349,False
4945,False
5125,False
5694,False
4417,False
4516,False
5764,False
5916,False
4568,False
5570,False
5838,False
5249,False
4971,False
5999,False
4038,False
4893,False
4052,False
4756,False
5685,False
4190,False
5561,False
4380,False
4857,False
4025,False
5593,False
5066,False
4177,False
4501,False
5801,False
5289,False
5702,False
4169,False
5078,False
5745,False
5594,False
5256,False
5245,False
5044,False
4886,False
4502,False
4940,False
5998,False
4576,False
5233,False
5957,False
4518,False
5770,False
5989,False
5179,False
4729,False
5614,False
4339,False
5285,False
4356,False
5722,False
5400,False
4010,False
4826,False
5120,False
4185,False
4163,False
