,y_hat
4573,False
5019,False
4275,False
4304,False
5870,False
4353,False
5523,False
5952,False
5634,False
5403,False
4582,False
5294,False
4821,False
4195,False
5676,False
5425,False
5758,False
4454,False
4077,False
5801,False
5293,False
4856,False
4911,False
4227,False
5693,False
4186,False
4006,False
4431,False
4982,False
5128,False
5534,False
5060,False
4418,False
5188,False
4963,False
4676,False
5688,False
4649,False
5892,False
5375,False
5240,False
5713,False
5314,False
4995,False
5099,False
4016,False
5560,False
4080,False
4744,False
4339,False
4876,False
5946,False
4776,False
5772,False
5516,False
4985,False
4607,False
4062,False
4548,False
5888,False
5737,False
4661,False
5495,False
4800,False
4601,False
4263,False
5180,False
5228,False
4491,False
4273,False
4979,False
4754,False
4802,False
4041,False
4201,False
5742,False
4157,False
5035,False
5989,False
4071,False
5940,False
4641,False
4357,False
5073,False
4093,False
5062,False
4799,False
4741,False
4337,False
5058,False
5452,False
4414,False
4230,False
5052,False
5484,False
4774,False
5601,False
4146,False
5817,False
4912,False
4680,False
5214,False
5971,False
4772,False
4936,False
5847,False
4727,False
4181,False
4527,False
5063,False
4793,False
4326,False
4625,False
4529,False
5837,False
5785,False
5541,False
4164,False
4483,False
4752,False
4631,False
5546,False
4658,False
4039,False
5163,False
4474,False
5641,False
4746,False
4209,False
4844,False
4970,False
5964,False
4488,False
5277,False
5082,False
4623,False
4207,False
4458,False
4101,False
5632,False
5875,False
4639,False
5010,False
5477,False
5489,False
4053,False
5061,False
4814,False
5773,False
5389,False
4386,False
5599,False
5648,False
4294,False
5767,False
5966,False
4299,False
5583,False
5944,False
5349,False
5730,False
5170,False
4762,False
4283,False
5640,False
5301,False
5929,False
5387,False
4268,False
5056,False
5268,False
4228,False
4959,False
4182,False
4594,False
5248,False
5304,False
5881,False
5734,False
4798,False
4388,False
4777,False
5462,False
5101,False
5882,False
5942,False
5183,False
4926,False
4805,False
5592,False
5236,False
5590,False
4167,False
4042,False
5419,False
4654,False
5108,False
4123,False
4854,False
5201,False
4829,False
4764,False
5016,False
5895,False
5585,False
4763,False
5015,False
5092,False
4150,False
5762,False
5976,False
5353,False
4688,False
5702,False
5184,False
5761,False
5097,False
5424,False
4723,False
5987,False
5374,False
4355,False
4402,False
4102,False
5927,False
4403,False
5098,False
4783,False
4329,False
4475,False
4286,False
5536,False
4511,False
5715,False
5617,False
5500,False
4505,False
4097,False
5935,False
5703,False
4605,False
4557,False
4348,False
4276,False
5467,False
5544,False
4915,False
4180,False
5134,False
4779,False
5446,False
4924,False
4869,False
5231,False
5789,False
5890,False
5963,False
4863,False
5753,False
4716,False
4973,False
5034,False
5238,False
5357,False
5969,False
4558,False
4401,False
5285,False
5820,False
4115,False
5968,False
5367,False
5465,False
4485,False
5513,False
5313,False
5193,False
4944,False
4037,False
5751,False
5533,False
5391,False
4933,False
5999,False
5386,False
5755,False
4122,False
4166,False
5431,False
4376,False
5605,False
4925,False
5464,False
5439,False
4254,False
4542,False
4381,False
5106,False
5752,False
5626,False
5945,False
5962,False
5562,False
4288,False
4096,False
4444,False
5433,False
4154,False
5908,False
5416,False
4803,False
4721,False
4751,False
5234,False
4156,False
5437,False
4833,False
4795,False
5289,False
5007,False
4176,False
4679,False
4069,False
4244,False
5009,False
4103,False
5806,False
5158,False
5853,False
4624,False
4187,False
5492,False
4017,False
5798,False
5440,False
4648,False
4149,False
4831,False
4939,False
5535,False
5325,False
4330,False
4757,False
4991,False
5364,False
5611,False
5653,False
5267,False
5198,False
4614,False
5473,False
4908,False
4839,False
5247,False
5850,False
4687,False
5623,False
4524,False
4574,False
5329,False
5038,False
4813,False
5816,False
5328,False
5085,False
4885,False
4914,False
4056,False
5123,False
5860,False
4060,False
4035,False
5654,False
5768,False
5593,False
4213,False
5413,False
4645,False
5360,False
5002,False
4145,False
4943,False
4358,False
5921,False
4119,False
5260,False
5503,False
4036,False
5972,False
4106,False
5298,False
5401,False
5281,False
5644,False
5141,False
5358,False
4113,False
4900,False
5069,False
5862,False
5637,False
5990,False
5133,False
5470,False
4158,False
4934,False
4241,False
5055,False
4066,False
4650,False
5885,False
4415,False
5245,False
4786,False
5209,False
4464,False
4889,False
4550,False
5665,False
4352,False
4367,False
4295,False
5081,False
4087,False
5636,False
4904,False
4457,False
4823,False
5662,False
4507,False
4477,False
4108,False
4846,False
4021,False
4804,False
4416,False
4530,False
5365,False
5242,False
5650,False
5700,False
5655,False
5756,False
4188,False
5324,False
5345,False
4522,False
5194,False
4862,False
5049,False
4812,False
4359,False
4769,False
4951,False
4988,False
5454,False
4756,False
4996,False
5208,False
5604,False
5042,False
5013,False
4032,False
5622,False
5825,False
5370,False
4220,False
4255,False
4397,False
4525,False
5380,False
5557,False
5859,False
5579,False
5852,False
5667,False
5250,False
4200,False
4350,False
5855,False
4026,False
5765,False
5205,False
5211,False
5498,False
4310,False
4520,False
4063,False
5445,False
4974,False
4029,False
4489,False
4709,False
5739,False
5913,False
5821,False
5508,False
4918,False
5167,False
5784,False
5340,False
4595,False
4331,False
4697,False
5518,False
5216,False
4049,False
4334,False
4313,False
5337,False
4124,False
5124,False
4733,False
4223,False
5800,False
5177,False
5064,False
4384,False
5697,False
4383,False
5818,False
5584,False
4920,False
4515,False
5026,False
4894,False
4708,False
4541,False
4734,False
4302,False
4495,False
5159,False
4553,False
4547,False
5336,False
5488,False
5427,False
5873,False
5341,False
5551,False
5333,False
5153,False
4570,False
4044,False
5102,False
5104,False
4004,False
4067,False
4686,False
5609,False
4065,False
5065,False
4493,False
5305,False
5422,False
4646,False
4197,False
4957,False
4127,False
4759,False
5485,False
4133,False
5664,False
5430,False
4797,False
5625,False
4848,False
5960,False
5547,False
5858,False
5050,False
4210,False
4896,False
4788,False
5961,False
5048,False
5967,False
5824,False
4362,False
5373,False
4024,False
4825,False
4322,False
4112,False
5497,False
4301,False
4083,False
4159,False
5344,False
5008,False
5871,False
4717,False
4950,False
4666,False
5319,False
4503,False
4395,False
4324,False
4296,False
5932,False
5499,False
4870,False
4451,False
4677,False
5030,False
4088,False
5701,False
4964,False
4930,False
5200,False
4128,False
4136,False
4085,False
5711,False
4277,False
5100,False
5998,False
4405,False
4481,False
4070,False
5705,False
4082,False
4538,False
5613,False
5496,False
4426,False
5243,False
4526,False
4290,False
4472,False
5161,False
4715,False
4728,False
5651,False
5406,False
4155,False
4576,False
5660,False
5597,False
4927,False
5872,False
4110,False
5832,False
5426,False
5951,False
5311,False
4509,False
5222,False
4160,False
4508,False
4089,False
4893,False
5883,False
5486,False
5757,False
4068,False
4707,False
4932,False
5791,False
4865,False
4626,False
5001,False
5307,False
4789,False
4891,False
4647,False
4043,False
4319,False
4501,False
4356,False
4407,False
4890,False
5363,False
5996,False
5924,False
4031,False
4222,False
5223,False
4857,False
5448,False
4419,False
5075,False
5105,False
5780,False
5907,False
4162,False
4667,False
4342,False
4816,False
4253,False
5620,False
4946,False
4336,False
5447,False
4240,False
4695,False
5578,False
5032,False
4455,False
4610,False
5668,False
4378,False
5845,False
4546,False
5151,False
4221,False
5036,False
4636,False
4496,False
4627,False
4204,False
5230,False
5442,False
5603,False
4913,False
5126,False
5795,False
5571,False
4587,False
4109,False
4285,False
5564,False
5045,False
4075,False
5949,False
4962,False
4052,False
4629,False
4413,False
4638,False
5343,False
4321,False
5155,False
4058,False
4822,False
5407,False
5192,False
5191,False
4986,False
4116,False
5265,False
4459,False
5849,False
4603,False
4338,False
4593,False
4794,False
4895,False
5306,False
4768,False
5532,False
5840,False
4177,False
5339,False
4084,False
4565,False
5041,False
4929,False
5053,False
5838,False
4775,False
5338,False
4898,False
5721,False
5450,False
4921,False
4443,False
5580,False
5886,False
4504,False
5514,False
4684,False
5606,False
5822,False
4412,False
5003,False
4602,False
4138,False
5083,False
4409,False
5916,False
5978,False
5577,False
4311,False
5276,False
4718,False
5982,False
5480,False
5402,False
5249,False
4259,False
5729,False
5173,False
5809,False
5918,False
4249,False
4731,False
4411,False
5986,False
5475,False
5691,False
4436,False
5646,False
4581,False
5810,False
5607,False
5930,False
5378,False
5404,False
5115,False
5292,False
4528,False
5029,False
4280,False
5381,False
5246,False
5382,False
4325,False
4073,False
5156,False
4931,False
5926,False
4020,False
5507,False
4660,False
5020,False
5925,False
4009,False
5539,False
4523,False
5297,False
5666,False
5086,False
4917,False
5182,False
4549,False
5321,False
5694,False
4826,False
5331,False
4622,False
4010,False
4287,False
4291,False
5612,False
4815,False
4817,False
4591,False
4990,False
5028,False
5670,False
4117,False
4699,False
4046,False
5776,False
4858,False
5229,False
5152,False
5582,False
4346,False
4552,False
5550,False
5812,False
5959,False
5712,False
5396,False
4278,False
4543,False
4003,False
5079,False
4849,False
4366,False
5608,False
5145,False
4569,False
5233,False
4051,False
4845,False
4722,False
5022,False
5090,False
4247,False
5271,False
5114,False
5548,False
4423,False
5748,False
4873,False
4861,False
4635,False
4656,False
5707,False
5649,False
4612,False
5113,False
4928,False
5372,False
4539,False
4832,False
4745,False
5919,False
4850,False
5835,False
5408,False
4152,False
4698,False
4578,False
5965,False
5207,False
4129,False
4482,False
5148,False
5262,False
4445,False
4225,False
5777,False
5138,False
4264,False
4790,False
4392,False
4922,False
4425,False
4045,False
4252,False
5807,False
4874,False
5459,False
4517,False
5429,False
4139,False
4400,False
5672,False
5931,False
4420,False
4518,False
5857,False
5270,False
4190,False
5938,False
5320,False
4737,False
4234,False
5474,False
4170,False
5282,False
4693,False
5602,False
4704,False
4447,False
5112,False
5529,False
5922,False
5316,False
4408,False
4940,False
4499,False
5909,False
4453,False
5451,False
4969,False
4379,False
5135,False
5379,False
5221,False
5095,False
4766,False
5346,False
5902,False
4902,False
4787,False
4173,False
4332,False
5828,False
5559,False
5368,False
5251,False
4486,False
5117,False
5111,False
5549,False
4361,False
4391,False
5638,False
4796,False
5377,False
4480,False
5359,False
4609,False
4773,False
4396,False
5588,False
5326,False
5763,False
5831,False
4183,False
5119,False
4551,False
4179,False
5125,False
4121,False
5839,False
5869,False
5540,False
4025,False
