,y_hat
3369,False
2025,False
2600,False
2768,False
3742,False
2629,False
2374,False
2100,False
2651,False
3213,False
3793,False
2470,False
3390,False
3473,False
2943,False
2560,False
3354,False
3709,False
3253,False
3350,False
3845,False
2217,False
3869,False
3846,False
3946,False
3823,False
2208,False
3296,False
3146,False
2017,False
3448,False
3787,False
2054,False
3797,False
3164,False
2872,False
3328,False
2669,False
2568,False
2618,False
3300,False
3799,False
2647,False
2896,False
3790,False
3480,False
2247,False
3005,False
2883,False
2411,False
3575,False
3124,False
2519,False
3882,False
3626,False
3672,False
2482,False
2176,False
2068,False
2650,False
3204,False
3826,False
2710,False
2492,False
2035,False
3754,False
2835,False
2541,False
2843,False
3230,False
2639,False
3539,False
2126,False
3305,False
2652,False
2759,False
3482,False
2439,False
2925,False
2033,False
3867,False
2371,False
2349,False
3290,False
3208,False
2518,False
2724,False
3879,False
3729,False
2201,False
3226,False
3464,False
2012,False
2181,False
2980,False
3553,False
3581,False
2141,False
3547,False
3420,False
2535,False
2214,False
3385,False
3838,False
2357,False
2563,False
2810,False
3689,False
3194,False
2488,False
3244,False
3003,False
2263,False
3906,False
2285,False
2140,False
2972,False
3572,False
2856,False
3837,False
3486,False
2641,False
2514,False
3262,False
2065,False
3873,False
2760,False
2172,False
2220,False
2746,False
3261,False
3386,False
2711,False
2418,False
2028,False
2544,False
3357,False
3888,False
3620,False
3175,False
3101,False
2658,False
2389,False
2995,False
3188,False
3615,False
3180,False
2994,False
2167,False
3878,False
3819,False
2703,False
3139,False
3614,False
2712,False
3924,False
2097,False
2531,False
3392,False
3443,False
3678,False
3645,False
3060,False
2319,False
2331,False
3447,False
3489,False
3159,False
2597,False
2899,False
3982,False
3251,False
3291,False
3120,False
3287,False
2532,False
2226,False
2008,False
3789,False
3945,False
3023,False
2654,False
2903,False
2021,False
2516,False
2077,False
3270,False
3510,False
2329,False
3402,False
2311,False
2891,False
2858,False
2806,False
3987,False
2827,False
3571,False
2288,False
3937,False
3517,False
2309,False
3254,False
2557,False
3130,False
3951,False
2210,False
2655,False
2236,False
3256,False
3421,False
3056,False
2661,False
3157,False
3513,False
2134,False
3233,False
3426,False
2256,False
2758,False
2321,False
2612,False
2958,False
3015,False
2091,False
3543,False
3840,False
2137,False
2004,False
2550,False
3144,False
3877,False
3996,False
2479,False
2245,False
2680,False
2826,False
2388,False
2861,False
3263,False
3348,False
3048,False
2306,False
2851,False
2854,False
3618,False
3276,False
3415,False
2476,False
3166,False
3419,False
3458,False
3594,False
3183,False
3349,False
3621,False
2937,False
3748,False
3684,False
2614,False
2918,False
2364,False
2359,False
2206,False
2422,False
2938,False
3239,False
2527,False
3521,False
3641,False
3506,False
3541,False
3864,False
3189,False
2950,False
2022,False
2447,False
2588,False
3033,False
3928,False
2251,False
2239,False
3600,False
2956,False
2749,False
2282,False
3692,False
2165,False
3110,False
3220,False
3624,False
3169,False
3889,False
2609,False
3529,False
3629,False
3267,False
3227,False
2308,False
3018,False
2657,False
2419,False
3476,False
2581,False
3693,False
3701,False
3905,False
3259,False
2142,False
2342,False
2675,False
2713,False
3093,False
3803,False
2332,False
3866,False
3813,False
2823,False
2788,False
2036,False
3807,False
2868,False
2037,False
3302,False
2481,False
3010,False
2753,False
2151,False
3542,False
2716,False
2484,False
2945,False
2387,False
2575,False
3453,False
2390,False
3705,False
3024,False
2626,False
3556,False
3286,False
2976,False
3921,False
3659,False
2299,False
2133,False
2691,False
3269,False
3468,False
2622,False
3435,False
3380,False
3515,False
2797,False
3691,False
3375,False
2805,False
2250,False
2322,False
3986,False
3279,False
2080,False
2662,False
2213,False
3337,False
2900,False
2845,False
2480,False
2816,False
3734,False
3314,False
3465,False
2596,False
3090,False
2486,False
2221,False
3999,False
2765,False
2999,False
2838,False
3910,False
3711,False
3297,False
3927,False
2197,False
3325,False
2676,False
2426,False
3558,False
2348,False
2337,False
2822,False
2049,False
3893,False
3084,False
3552,False
3326,False
3289,False
3295,False
3232,False
3494,False
3839,False
3983,False
3438,False
2493,False
3847,False
2222,False
2200,False
2776,False
3210,False
3091,False
3699,False
3272,False
3593,False
2811,False
3872,False
2766,False
3842,False
2877,False
2175,False
3551,False
2986,False
2296,False
2587,False
3763,False
2642,False
2990,False
3876,False
2930,False
3229,False
2284,False
2347,False
2593,False
3365,False
3770,False
3726,False
3920,False
3651,False
2983,False
2085,False
2438,False
2027,False
2268,False
3640,False
3125,False
2042,False
3316,False
2446,False
3184,False
2671,False
2751,False
2619,False
3016,False
3399,False
2007,False
3880,False
2946,False
3268,False
2707,False
2528,False
2381,False
2253,False
2136,False
3752,False
3304,False
2382,False
2475,False
3181,False
3080,False
2305,False
2185,False
3265,False
3430,False
2327,False
3212,False
2510,False
3097,False
2225,False
2360,False
3445,False
2862,False
3627,False
3631,False
2733,False
3456,False
2584,False
3952,False
3773,False
3727,False
3094,False
2334,False
3423,False
2009,False
3467,False
2403,False
3459,False
2229,False
3817,False
2038,False
2977,False
3360,False
3900,False
2404,False
3875,False
3814,False
3342,False
3344,False
3526,False
2932,False
3324,False
3858,False
3588,False
3292,False
3557,False
2674,False
2421,False
3412,False
3398,False
2971,False
3563,False
3483,False
3455,False
2537,False
2264,False
3339,False
3098,False
3433,False
2093,False
2269,False
2520,False
2474,False
3894,False
3255,False
3334,False
3436,False
2611,False
2799,False
2534,False
3382,False
3518,False
3469,False
3750,False
2410,False
3652,False
3940,False
3479,False
3351,False
3341,False
2108,False
2633,False
3036,False
2817,False
3663,False
2073,False
2444,False
2902,False
2643,False
2216,False
3612,False
2513,False
3122,False
3288,False
3949,False
3766,False
3404,False
3170,False
2825,False
2352,False
2720,False
3250,False
2076,False
3559,False
2678,False
3425,False
3327,False
3102,False
2081,False
2497,False
3414,False
2617,False
3310,False
3395,False
3851,False
2812,False
2509,False
2377,False
3861,False
2863,False
3788,False
3252,False
3712,False
2558,False
3322,False
3802,False
3446,False
2190,False
2670,False
3747,False
3335,False
3926,False
2047,False
2059,False
2649,False
2157,False
2819,False
3142,False
2722,False
2890,False
3411,False
3596,False
3424,False
2615,False
3123,False
2434,False
3043,False
3957,False
3368,False
3964,False
2072,False
3664,False
2789,False
3085,False
3260,False
2162,False
3972,False
2316,False
3939,False
3145,False
3777,False
3829,False
3597,False
3009,False
3075,False
2502,False
2383,False
3059,False
2793,False
3950,False
3511,False
3040,False
2057,False
3393,False
3617,False
3068,False
3073,False
2632,False
2508,False
2109,False
2821,False
2372,False
2744,False
3149,False
3554,False
2153,False
3396,False
2745,False
3429,False
3383,False
2606,False
2246,False
3537,False
3583,False
3485,False
3696,False
3050,False
2792,False
2066,False
3767,False
2343,False
2278,False
3716,False
3359,False
3609,False
2692,False
2993,False
2353,False
2223,False
2673,False
2923,False
3992,False
3052,False
2869,False
3941,False
2078,False
2385,False
3725,False
2254,False
3136,False
2916,False
3746,False
3498,False
2154,False
3679,False
3647,False
3352,False
2127,False
2944,False
3081,False
3133,False
3967,False
3137,False
3114,False
2964,False
2767,False
3977,False
3442,False
3198,False
3205,False
3109,False
3630,False
2834,False
2919,False
2533,False
3943,False
3299,False
3665,False
2634,False
3680,False
3956,False
3083,False
3319,False
3119,False
3217,False
2929,False
3353,False
3030,False
2392,False
3487,False
3827,False
3778,False
3401,False
2315,False
2061,False
2039,False
3174,False
2173,False
3356,False
2261,False
2471,False
3020,False
2908,False
2195,False
2545,False
3562,False
3728,False
2274,False
3202,False
3054,False
2415,False
3751,False
3525,False
3958,False
3017,False
3481,False
3501,False
2015,False
3643,False
2365,False
3150,False
2265,False
2804,False
3374,False
2967,False
3500,False
2830,False
3570,False
3804,False
3460,False
3434,False
2818,False
3409,False
2307,False
3006,False
2698,False
2620,False
2591,False
2886,False
2997,False
2913,False
2164,False
2613,False
2682,False
2740,False
2731,False
2860,False
2412,False
2333,False
3209,False
2398,False
2351,False
2559,False
3771,False
2857,False
2218,False
3197,False
2113,False
2242,False
3698,False
2295,False
3186,False
3730,False
2345,False
2160,False
2260,False
3761,False
3632,False
3899,False
3235,False
3318,False
2101,False
2718,False
2813,False
2631,False
3566,False
3493,False
3741,False
2026,False
3196,False
2391,False
2855,False
3320,False
2777,False
3871,False
3507,False
2904,False
3822,False
2668,False
2624,False
2293,False
2187,False
2895,False
2953,False
2549,False
2601,False
3397,False
3707,False
3916,False
2459,False
2832,False
3134,False
3516,False
2784,False
2292,False
3223,False
2067,False
3546,False
2663,False
2705,False
3336,False
3439,False
2355,False
3408,False
2430,False
3046,False
3796,False
2848,False
3779,False
3491,False
2123,False
3533,False
2408,False
3162,False
2046,False
3792,False
2665,False
2924,False
2574,False
2031,False
3695,False
2599,False
2880,False
3821,False
3885,False
2224,False
3298,False
3886,False
3078,False
3948,False
2543,False
2271,False
3985,False
2010,False
3973,False
3514,False
3971,False
3638,False
3975,False
2384,False
3281,False
2934,False
2985,False
3584,False
2881,False
3579,False
3848,False
2379,False
3834,False
3675,False
2367,False
3317,False
2696,False
3284,False
2180,False
2144,False
3107,False
2966,False
2405,False
3323,False
2270,False
3347,False
3167,False
3280,False
3499,False
2732,False
2501,False
2565,False
3530,False
3607,False
3047,False
2449,False
2867,False
3104,False
3820,False
2266,False
2443,False
2679,False
2122,False
2730,False
3474,False
3520,False
2207,False
3086,False
3902,False
2363,False
2417,False
2189,False
3794,False
3069,False
3070,False
2432,False
2468,False
2978,False
3856,False
2300,False
3378,False
3955,False
3966,False
3969,False
2836,False
2283,False
3932,False
3001,False
2991,False
3301,False
2551,False
3158,False
2312,False
3266,False
3565,False
2330,False
3096,False
3953,False
2963,False
3555,False
2106,False
3628,False
3057,False
3564,False
2003,False
3639,False
2094,False
2139,False
2325,False
2704,False
2951,False
2747,False
2128,False
2280,False
2630,False
3022,False
2715,False
2193,False
2255,False
3333,False
3027,False
2723,False
2864,False
3461,False
3990,False
2177,False
3585,False
2259,False
3275,False
2287,False
3236,False
3329,False
2158,False
2742,False
3931,False
2414,False
3573,False
2515,False
2602,False
2721,False
3925,False
2608,False
2429,False
2926,False
3391,False
2469,False
2079,False
3224,False
2491,False
2062,False
3108,False
2604,False
3961,False
2344,False
3993,False
3105,False
3370,False
3965,False
2370,False
2013,False
3271,False
3095,False
3055,False
2763,False
3719,False
2871,False
3163,False
3722,False
3757,False
2369,False
3960,False
3058,False
2183,False
3106,False
2910,False
2974,False
