,y_hat
5278,False
4730,False
5612,False
4961,False
5911,False
5053,False
4294,False
4392,False
5955,False
5553,False
5206,False
4862,False
4528,False
4926,False
4815,False
5016,False
5236,False
5610,False
5949,False
5878,False
5717,False
4356,False
4682,False
5772,False
4004,False
4378,False
4442,False
4372,False
5671,False
4436,False
4830,False
5620,False
5521,False
5207,False
5944,False
5389,False
4930,False
4643,False
5136,False
4715,False
4090,False
5167,False
5649,False
4035,False
4097,False
4202,False
5700,False
4270,False
5567,False
4469,False
4798,False
4446,False
4522,False
5654,False
5960,False
5826,False
5810,False
4358,False
5391,False
4016,False
5918,False
4141,False
5797,False
5477,False
4820,False
4319,False
4314,False
4499,False
4974,False
5004,False
5112,False
4393,False
5460,False
4976,False
5824,False
5146,False
4440,False
4537,False
4426,False
4061,False
5838,False
5673,False
5192,False
5166,False
4741,False
5425,False
5259,False
5397,False
5534,False
4220,False
5361,False
4397,False
4641,False
5804,False
4791,False
4066,False
4318,False
5212,False
4146,False
5091,False
5143,False
5181,False
5782,False
5475,False
4067,False
5706,False
5783,False
4072,False
4638,False
4192,False
4506,False
4169,False
4960,False
5916,False
4559,False
4301,False
4662,False
5006,False
4282,False
4903,False
5795,False
4217,False
4746,False
4963,False
5851,False
5130,False
5546,False
5098,False
5194,False
4766,False
5693,False
5840,False
5952,False
4851,False
5419,False
4014,False
5695,False
4223,False
5258,False
5326,False
5712,False
4056,False
4168,False
5716,False
4630,False
4225,False
4531,False
4893,False
4295,False
4710,False
4966,False
5488,False
4874,False
4695,False
5816,False
5908,False
5894,False
4665,False
5457,False
5080,False
5487,False
5169,False
5625,False
5427,False
5699,False
5666,False
5667,False
5998,False
4486,False
4909,False
4609,False
4774,False
5834,False
4521,False
4822,False
4303,False
5844,False
4092,False
4483,False
4411,False
4495,False
4263,False
5850,False
5144,False
4890,False
5925,False
4078,False
5948,False
4980,False
4366,False
4208,False
5889,False
4924,False
5402,False
5966,False
5226,False
4873,False
4625,False
5590,False
4398,False
5464,False
4478,False
5799,False
4437,False
4530,False
4198,False
5202,False
4891,False
4107,False
4360,False
5088,False
5409,False
5334,False
4713,False
5863,False
5871,False
4647,False
4335,False
4807,False
5476,False
5256,False
4216,False
4373,False
4566,False
5757,False
5321,False
5978,False
5317,False
4191,False
4423,False
5672,False
4406,False
4108,False
4867,False
4498,False
5556,False
4013,False
5817,False
4901,False
5558,False
5438,False
5865,False
4829,False
5446,False
4247,False
5299,False
4882,False
4740,False
4918,False
4631,False
5324,False
5244,False
5751,False
5779,False
5891,False
4952,False
5668,False
4215,False
5780,False
4235,False
5992,False
4565,False
5737,False
5044,False
4524,False
4157,False
5860,False
5527,False
5204,False
4355,False
4660,False
5661,False
5877,False
4126,False
4063,False
4184,False
4814,False
5096,False
4775,False
5639,False
5121,False
4441,False
4104,False
4725,False
5931,False
5025,False
4771,False
4226,False
4134,False
5599,False
5967,False
5216,False
5139,False
4517,False
4408,False
4627,False
5848,False
5125,False
5678,False
5579,False
5214,False
4450,False
5393,False
4227,False
4276,False
4562,False
4674,False
5563,False
5934,False
4429,False
4979,False
5293,False
4053,False
4927,False
4943,False
5217,False
4055,False
4876,False
4240,False
4585,False
5893,False
4384,False
4650,False
4150,False
4971,False
5268,False
5452,False
4750,False
5093,False
5443,False
4949,False
5543,False
5270,False
5793,False
5328,False
4351,False
4017,False
4162,False
5932,False
5199,False
4501,False
5252,False
5787,False
5083,False
5800,False
4777,False
5413,False
5663,False
4057,False
5126,False
5050,False
4634,False
4344,False
5179,False
5728,False
5123,False
5285,False
4117,False
5747,False
4892,False
5131,False
5508,False
4651,False
5371,False
4973,False
4026,False
4504,False
4592,False
4897,False
4361,False
5545,False
4540,False
4675,False
4142,False
5048,False
5338,False
4719,False
5215,False
5811,False
4002,False
4602,False
5921,False
5302,False
4568,False
5347,False
5405,False
4799,False
5198,False
4802,False
4586,False
5514,False
4167,False
5055,False
5627,False
4613,False
5222,False
5063,False
4232,False
5974,False
4700,False
4776,False
4338,False
4371,False
5496,False
5129,False
4817,False
4510,False
4464,False
5722,False
4614,False
4673,False
5657,False
4857,False
5884,False
4245,False
4093,False
5247,False
5188,False
5572,False
5012,False
5290,False
5755,False
4354,False
5688,False
5761,False
4691,False
4064,False
4929,False
5478,False
4978,False
5219,False
5254,False
5355,False
4768,False
5009,False
5607,False
4833,False
5677,False
5142,False
4075,False
4859,False
4950,False
5070,False
4207,False
5895,False
5550,False
4188,False
4403,False
5858,False
4466,False
5993,False
4315,False
5352,False
4368,False
5632,False
4670,False
4477,False
4920,False
5161,False
4513,False
5857,False
4754,False
4024,False
5273,False
5570,False
5990,False
4130,False
5049,False
5596,False
4783,False
4861,False
4468,False
5069,False
4249,False
5026,False
4125,False
5250,False
4547,False
4704,False
5839,False
5292,False
5633,False
4428,False
5323,False
4988,False
5040,False
5606,False
5950,False
5029,False
5802,False
4156,False
5035,False
5492,False
5320,False
5349,False
5825,False
5786,False
4160,False
5613,False
4711,False
4779,False
4728,False
4596,False
4222,False
4021,False
4813,False
4836,False
4082,False
4668,False
5910,False
4268,False
5841,False
5701,False
4991,False
5617,False
5886,False
4275,False
5696,False
4922,False
4193,False
4548,False
4743,False
5410,False
4180,False
4818,False
5322,False
5002,False
4165,False
5707,False
4688,False
4299,False
5364,False
5141,False
5343,False
5337,False
4204,False
4412,False
4623,False
4288,False
4267,False
5970,False
4131,False
4433,False
5516,False
5981,False
5647,False
5385,False
4789,False
4848,False
4612,False
4011,False
5340,False
4684,False
5119,False
5842,False
5935,False
4399,False
4487,False
5261,False
5790,False
5100,False
5559,False
5619,False
4296,False
4837,False
5032,False
4934,False
4908,False
5462,False
5311,False
4953,False
5314,False
5942,False
4608,False
4119,False
5710,False
5682,False
5380,False
5827,False
4551,False
4324,False
5503,False
5084,False
5372,False
5052,False
5609,False
4029,False
4983,False
4681,False
4520,False
5075,False
5849,False
4387,False
4757,False
5564,False
4578,False
4793,False
5984,False
4176,False
5354,False
5463,False
5013,False
4646,False
5265,False
4103,False
5333,False
4526,False
4624,False
4500,False
4427,False
5963,False
4951,False
5447,False
4902,False
5398,False
5073,False
5374,False
4550,False
5814,False
4336,False
5067,False
5739,False
5621,False
4489,False
5255,False
5078,False
4086,False
4317,False
5403,False
4451,False
4008,False
5785,False
5150,False
4587,False
4454,False
4298,False
4363,False
5051,False
4885,False
4956,False
5937,False
5182,False
4044,False
5472,False
4005,False
5583,False
5694,False
5646,False
5308,False
5453,False
4739,False
4445,False
5387,False
4102,False
5624,False
4742,False
5155,False
4071,False
4707,False
4359,False
5231,False
5907,False
4242,False
4458,False
4579,False
5820,False
5791,False
5736,False
5726,False
4886,False
4615,False
4790,False
4213,False
4889,False
4645,False
5961,False
5386,False
4803,False
5604,False
5774,False
5164,False
4415,False
4972,False
5172,False
4414,False
5375,False
5030,False
5938,False
5969,False
5262,False
4841,False
5725,False
5535,False
5379,False
5883,False
4111,False
4801,False
5469,False
5071,False
4502,False
5585,False
5573,False
5875,False
4835,False
4076,False
5986,False
4456,False
4365,False
4161,False
4692,False
4127,False
5836,False
4597,False
4089,False
5876,False
5864,False
4621,False
5291,False
5642,False
4434,False
4186,False
5459,False
4583,False
5010,False
4935,False
4981,False
5028,False
4595,False
5473,False
5900,False
4155,False
4626,False
5723,False
4197,False
5939,False
5157,False
5660,False
5043,False
5500,False
4312,False
4834,False
4422,False
5444,False
4712,False
5623,False
4752,False
5486,False
5448,False
5807,False
4965,False
4533,False
4257,False
4395,False
5325,False
5947,False
4896,False
4884,False
5692,False
5235,False
5362,False
4238,False
4919,False
5953,False
4058,False
5388,False
4164,False
4503,False
5485,False
5249,False
5926,False
5132,False
4118,False
5289,False
4277,False
4023,False
4253,False
4964,False
4849,False
4975,False
5881,False
5906,False
5238,False
5162,False
5731,False
5203,False
4042,False
4340,False
5665,False
4948,False
5999,False
4463,False
5428,False
4030,False
4343,False
5767,False
5007,False
5306,False
5720,False
4843,False
5702,False
4970,False
4877,False
5522,False
5196,False
5390,False
4124,False
5517,False
5074,False
4888,False
5659,False
5734,False
5271,False
5149,False
4763,False
4698,False
5404,False
5145,False
5958,False
4342,False
4558,False
5251,False
5407,False
4059,False
4588,False
5568,False
4325,False
5577,False
4293,False
5515,False
5168,False
4129,False
4589,False
5242,False
5789,False
4041,False
5729,False
4699,False
4600,False
5775,False
4564,False
5709,False
5765,False
5943,False
4132,False
5344,False
5248,False
5286,False
4479,False
4313,False
4172,False
5758,False
4642,False
5771,False
4986,False
4938,False
4703,False
5690,False
5997,False
5331,False
5759,False
4310,False
4567,False
5441,False
5015,False
5023,False
4883,False
5862,False
4523,False
4622,False
4329,False
5941,False
5872,False
4726,False
5288,False
5245,False
5180,False
5962,False
5571,False
4497,False
4279,False
5879,False
5697,False
4871,False
4051,False
4337,False
5058,False
4183,False
5395,False
5873,False
5187,False
4285,False
4083,False
4493,False
5685,False
5228,False
5662,False
4431,False
5594,False
4088,False
5113,False
5754,False
5151,False
4010,False
5905,False
5628,False
5505,False
4941,False
5822,False
4228,False
5461,False
4028,False
4306,False
5465,False
5178,False
5102,False
4377,False
4560,False
5420,False
4933,False
4870,False
4788,False
5376,False
4895,False
4542,False
4714,False
5523,False
4417,False
4823,False
4187,False
5092,False
4170,False
5730,False
4697,False
4824,False
5854,False
5303,False
5533,False
4085,False
5861,False
5137,False
4827,False
5537,False
5608,False
4261,False
4606,False
5319,False
5366,False
4958,False
5298,False
4068,False
5267,False
4816,False
5680,False
4656,False
4234,False
4508,False
5365,False
4241,False
5531,False
5377,False
4840,False
4855,False
4518,False
4349,False
5640,False
5110,False
5977,False
5424,False
5316,False
4794,False
5922,False
4166,False
4544,False
4514,False
5815,False
5412,False
4539,False
4484,False
4069,False
4332,False
4545,False
5482,False
5370,False
4764,False
4705,False
4099,False
5684,False
5277,False
4610,False
5985,False
4138,False
4174,False
4327,False
4250,False
5363,False
5356,False
4778,False
4804,False
5115,False
5818,False
4735,False
5749,False
5847,False
4003,False
5538,False
5201,False
5339,False
4421,False
4405,False
5033,False
5046,False
4264,False
4690,False
4679,False
4062,False
5507,False
