,y_hat
2586,False
3572,False
3929,False
2209,False
3693,False
3067,False
2723,False
2913,False
3116,False
2532,False
3254,False
3596,False
3174,False
2659,False
2153,False
3652,False
3021,False
2254,False
3921,False
2180,False
2333,False
2292,False
2304,False
2897,False
3189,False
2842,False
3464,False
3914,False
2966,False
3776,False
3900,False
2339,False
2631,False
3089,False
3136,False
3162,False
2356,False
2801,False
2705,False
2605,False
3584,False
3248,False
3016,False
2468,False
2825,False
3050,False
3599,False
2874,False
3003,False
3460,False
2471,False
3037,False
2606,False
3346,False
3891,False
2325,False
3950,False
3267,False
3177,False
3706,False
2076,False
2041,False
2657,False
2014,False
2225,False
2176,False
2109,False
3129,False
2462,False
3966,False
3330,False
3336,False
2597,False
2358,False
2878,False
3036,False
2924,False
3467,False
2544,False
3188,False
2182,False
3477,False
3598,False
3193,False
2158,False
3071,False
3740,False
3487,False
3686,False
2758,False
3470,False
3117,False
3360,False
3898,False
2526,False
2422,False
3230,False
2869,False
2365,False
2617,False
3650,False
2187,False
3566,False
3224,False
3249,False
3042,False
2701,False
3368,False
3142,False
2731,False
2536,False
3381,False
3488,False
3380,False
3257,False
2708,False
2189,False
2543,False
3677,False
2194,False
3997,False
2424,False
3253,False
2697,False
3913,False
2975,False
2252,False
3648,False
2916,False
3425,False
2654,False
3968,False
3945,False
2858,False
3857,False
3641,False
2044,False
2202,False
2867,False
3730,False
3261,False
3774,False
2561,False
2406,False
2354,False
2474,False
3930,False
2061,False
2702,False
2712,False
3221,False
3617,False
3245,False
2324,False
2177,False
2835,False
2828,False
2678,False
2496,False
2895,False
3788,False
2652,False
3357,False
2950,False
3869,False
3589,False
3098,False
2788,False
2580,False
2750,False
3812,False
3329,False
3636,False
3897,False
2799,False
3279,False
2257,False
2130,False
2091,False
3591,False
3397,False
3834,False
2379,False
2218,False
2106,False
3659,False
3799,False
3724,False
2748,False
2800,False
3040,False
3637,False
2616,False
2421,False
3653,False
3405,False
3190,False
2402,False
3940,False
3337,False
2439,False
3844,False
3524,False
2904,False
3002,False
3885,False
3390,False
2403,False
3502,False
3520,False
2469,False
3014,False
2042,False
3692,False
2239,False
3934,False
2522,False
2303,False
2738,False
2390,False
2940,False
3432,False
3160,False
3441,False
3341,False
2915,False
3537,False
3979,False
2600,False
2844,False
3082,False
2363,False
3426,False
3550,False
3634,False
2015,False
2123,False
3293,False
3768,False
3688,False
2277,False
3654,False
3588,False
2249,False
2570,False
3363,False
2955,False
2626,False
2812,False
3236,False
2056,False
2036,False
2448,False
3845,False
2005,False
3068,False
3285,False
3575,False
2478,False
3811,False
2068,False
2648,False
3938,False
3592,False
3963,False
3384,False
2805,False
2132,False
3446,False
2306,False
3373,False
2163,False
2822,False
3864,False
3673,False
2994,False
3823,False
3199,False
3790,False
2502,False
2558,False
3629,False
3269,False
2369,False
2317,False
3867,False
3168,False
3430,False
2562,False
3996,False
2783,False
3953,False
2776,False
2199,False
2166,False
3758,False
3239,False
3608,False
2033,False
3473,False
2771,False
2231,False
2329,False
3623,False
3793,False
3822,False
3403,False
2548,False
2438,False
3657,False
3414,False
2624,False
3733,False
3738,False
2057,False
3055,False
2952,False
2809,False
2054,False
2755,False
2667,False
3482,False
2345,False
2067,False
3321,False
2582,False
3555,False
2754,False
3697,False
3709,False
3164,False
3561,False
2973,False
3899,False
3345,False
2892,False
2118,False
2366,False
2162,False
3770,False
2567,False
2816,False
2489,False
3402,False
2039,False
3066,False
3242,False
2310,False
2342,False
2156,False
2643,False
2384,False
2133,False
2556,False
3027,False
2510,False
2411,False
3937,False
3922,False
3378,False
3619,False
2689,False
3660,False
2618,False
3849,False
3785,False
2456,False
2222,False
3754,False
2790,False
3887,False
3824,False
2923,False
3871,False
3978,False
3568,False
2991,False
2368,False
2047,False
3240,False
3135,False
2255,False
2676,False
3105,False
3687,False
2071,False
2742,False
2806,False
2425,False
3388,False
2505,False
3816,False
3613,False
2360,False
3372,False
2763,False
2855,False
3821,False
2749,False
3455,False
3557,False
3123,False
2410,False
3029,False
3541,False
3198,False
2861,False
3628,False
2206,False
2987,False
2564,False
3114,False
2294,False
2651,False
2266,False
3386,False
2962,False
2716,False
2174,False
3491,False
2594,False
3028,False
2407,False
3296,False
3476,False
2498,False
3759,False
3459,False
3771,False
3542,False
3649,False
2428,False
2996,False
2692,False
2236,False
3228,False
2794,False
2371,False
3606,False
2183,False
3689,False
3734,False
2275,False
3119,False
2453,False
3333,False
2970,False
2480,False
2009,False
2593,False
3694,False
3088,False
3194,False
2632,False
3389,False
2960,False
2307,False
2088,False
2911,False
2658,False
3118,False
3750,False
3784,False
2103,False
3716,False
3536,False
2110,False
3289,False
2671,False
3259,False
2757,False
3681,False
3860,False
3159,False
2398,False
2699,False
3000,False
2472,False
2507,False
2030,False
2574,False
2436,False
3958,False
2760,False
2762,False
2838,False
2190,False
2566,False
2159,False
3480,False
2200,False
2045,False
3835,False
2389,False
2017,False
3244,False
3013,False
3172,False
3722,False
2770,False
2298,False
3124,False
3676,False
3595,False
3156,False
3272,False
2235,False
3699,False
2395,False
2555,False
3579,False
3712,False
3727,False
3643,False
2079,False
3523,False
2434,False
2573,False
2272,False
2053,False
2127,False
2985,False
3804,False
2995,False
2263,False
3382,False
2733,False
3553,False
3010,False
3528,False
2429,False
3238,False
3819,False
2674,False
2400,False
2517,False
3583,False
3603,False
3796,False
2058,False
3354,False
2364,False
3881,False
2188,False
2899,False
2929,False
2934,False
2344,False
2893,False
2095,False
3463,False
3805,False
3452,False
2785,False
2394,False
3410,False
3210,False
3418,False
3789,False
2622,False
3157,False
2387,False
2116,False
3609,False
2512,False
2001,False
2399,False
3235,False
3486,False
3993,False
3478,False
2905,False
2871,False
2414,False
3895,False
3256,False
3818,False
2832,False
2074,False
3923,False
3983,False
3863,False
2977,False
2466,False
2226,False
3915,False
2559,False
2818,False
3644,False
3907,False
2554,False
2833,False
3573,False
2170,False
2724,False
3237,False
2795,False
2102,False
3908,False
2633,False
2645,False
2223,False
2426,False
3047,False
2334,False
2242,False
2533,False
3534,False
3714,False
3217,False
3004,False
3666,False
2136,False
2010,False
2951,False
2958,False
2804,False
3726,False
3456,False
3445,False
2813,False
3307,False
3809,False
3894,False
2687,False
3343,False
3262,False
2401,False
2240,False
3882,False
3651,False
2598,False
2777,False
2482,False
2644,False
2016,False
2138,False
3369,False
3974,False
2983,False
3379,False
2027,False
3925,False
3407,False
2910,False
2747,False
3154,False
3814,False
3989,False
2998,False
2319,False
3500,False
2273,False
2186,False
2311,False
3196,False
3855,False
3406,False
3764,False
3574,False
2467,False
3150,False
2922,False
2051,False
2611,False
2062,False
3880,False
2891,False
2753,False
2318,False
2126,False
3767,False
2553,False
3170,False
3044,False
3362,False
2184,False
3429,False
2214,False
2550,False
3638,False
3743,False
2981,False
3181,False
3663,False
2359,False
3838,False
3948,False
3049,False
2713,False
2524,False
2449,False
3475,False
3658,False
2405,False
2004,False
2131,False
3434,False
3471,False
3291,False
3428,False
3564,False
3669,False
2670,False
3435,False
3308,False
2882,False
2609,False
2203,False
2157,False
3419,False
2321,False
3942,False
3431,False
2947,False
3739,False
2484,False
2250,False
3731,False
2006,False
3680,False
2179,False
3756,False
3179,False
2276,False
2565,False
2300,False
2451,False
3902,False
3032,False
2331,False
2688,False
2638,False
3309,False
2191,False
2501,False
2990,False
2108,False
3078,False
3656,False
3708,False
2281,False
3678,False
2486,False
3208,False
2660,False
3294,False
3695,False
2361,False
3967,False
3462,False
3527,False
3972,False
2569,False
3026,False
2073,False
2808,False
3231,False
3215,False
3427,False
2875,False
3551,False
2836,False
2247,False
2230,False
3151,False
3412,False
2233,False
2340,False
2866,False
2168,False
2683,False
2370,False
2491,False
2709,False
3741,False
3449,False
2012,False
3316,False
2635,False
3187,False
2907,False
3400,False
3879,False
3305,False
3736,False
3364,False
2314,False
3721,False
2587,False
2953,False
3965,False
2728,False
3939,False
2269,False
2412,False
3717,False
2853,False
2463,False
2452,False
2711,False
3558,False
2175,False
2898,False
2431,False
3081,False
2782,False
2946,False
2215,False
2885,False
3841,False
2224,False
3374,False
3511,False
2279,False
3744,False
3746,False
2634,False
2461,False
2732,False
2160,False
3065,False
2663,False
3260,False
2722,False
2627,False
2301,False
2997,False
2690,False
2847,False
3590,False
3581,False
2121,False
2549,False
2669,False
2700,False
3108,False
3772,False
2756,False
2656,False
3113,False
3327,False
3850,False
3975,False
2872,False
3904,False
3202,False
3513,False
2959,False
2383,False
3836,False
3851,False
3691,False
2967,False
3121,False
2752,False
3359,False
2143,False
2374,False
3718,False
3147,False
2178,False
2282,False
3079,False
2464,False
3195,False
3046,False
3521,False
3134,False
3353,False
3450,False
2591,False
3247,False
2408,False
2488,False
3273,False
3085,False
2568,False
3392,False
2003,False
2115,False
2992,False
2537,False
2497,False
2823,False
2686,False
2698,False
2207,False
2248,False
2735,False
3148,False
3540,False
3526,False
2694,False
3794,False
3624,False
3416,False
2840,False
2943,False
3320,False
2122,False
2887,False
3801,False
3742,False
2447,False
3339,False
2169,False
3600,False
3910,False
2599,False
2457,False
3251,False
3935,False
3701,False
3332,False
2811,False
2873,False
2037,False
2245,False
2989,False
3299,False
3492,False
3732,False
2737,False
3422,False
3620,False
2583,False
3920,False
3284,False
2971,False
2726,False
2531,False
2032,False
3516,False
2013,False
3019,False
2443,False
3671,False
2581,False
2382,False
3872,False
3952,False
3355,False
3197,False
2982,False
2547,False
3803,False
2485,False
3268,False
2937,False
2450,False
2877,False
3563,False
3711,False
2514,False
3165,False
3394,False
3315,False
3481,False
2944,False
3474,False
2141,False
2386,False
2198,False
2540,False
2228,False
2714,False
3514,False
3517,False
2139,False
3301,False
2099,False
2404,False
2392,False
3525,False
2516,False
2857,False
3843,False
2289,False
2049,False
2086,False
2984,False
3133,False
3185,False
2665,False
2085,False
3973,False
3074,False
3130,False
2146,False
3083,False
3396,False
2725,False
3905,False
2506,False
3112,False
3051,False
2930,False
3626,False
