,y_hat
5468,False
4583,False
5782,False
4652,False
5812,False
4321,False
4471,False
5736,False
5345,False
4154,False
4484,False
5065,False
5100,False
4845,False
5379,False
4134,False
4721,False
4571,False
4214,False
4606,False
5214,False
5910,False
4600,False
5643,False
4788,False
5132,False
5237,False
5519,False
5462,False
4904,False
5818,False
4773,False
4828,False
4850,False
4279,False
4767,False
5567,False
4041,False
4997,False
4223,False
4749,False
5099,False
5093,False
4012,False
4594,False
5209,False
5390,False
4023,False
5605,False
4649,False
5128,False
5894,False
5699,False
5862,False
5929,False
5756,False
4827,False
5797,False
4503,False
4270,False
5485,False
5305,False
4864,False
4175,False
4187,False
4917,False
4987,False
4567,False
5691,False
5650,False
5044,False
5663,False
5982,False
4581,False
5544,False
4136,False
5638,False
4085,False
4546,False
5902,False
5907,False
4920,False
4544,False
5880,False
5418,False
5078,False
4636,False
5002,False
4248,False
4208,False
4306,False
5188,False
4972,False
4387,False
5071,False
5543,False
4411,False
5076,False
5937,False
4005,False
5745,False
4388,False
5811,False
4632,False
5537,False
5050,False
4205,False
5377,False
4882,False
5788,False
5946,False
5943,False
5301,False
5267,False
4019,False
4757,False
4091,False
5977,False
4087,False
5948,False
4645,False
4328,False
4030,False
4191,False
4886,False
5299,False
5399,False
4932,False
5453,False
4608,False
4613,False
5513,False
4342,False
5619,False
4258,False
4799,False
5117,False
4893,False
4735,False
4222,False
5725,False
4386,False
5294,False
5960,False
5814,False
5867,False
5364,False
5464,False
4133,False
4407,False
5609,False
4079,False
4062,False
4589,False
4080,False
5479,False
5040,False
4901,False
4962,False
5570,False
5144,False
4743,False
4784,False
4734,False
4128,False
4428,False
5895,False
4791,False
5125,False
5953,False
4707,False
5944,False
5252,False
5145,False
4605,False
4465,False
5086,False
5743,False
5749,False
5046,False
5719,False
5896,False
5671,False
4523,False
5526,False
5645,False
5733,False
4266,False
4891,False
4673,False
5879,False
4825,False
5349,False
5315,False
5612,False
5706,False
5000,False
5445,False
5851,False
5684,False
4775,False
4194,False
5159,False
4715,False
5467,False
4672,False
4534,False
5224,False
4631,False
4844,False
5361,False
4779,False
4127,False
5189,False
5394,False
4202,False
5637,False
4912,False
5010,False
5359,False
4559,False
5491,False
5945,False
5259,False
5677,False
4761,False
4011,False
4574,False
4677,False
5838,False
5295,False
5956,False
4170,False
4808,False
5080,False
5656,False
4849,False
4457,False
5761,False
5475,False
4181,False
4762,False
5835,False
4064,False
5675,False
4768,False
5591,False
4398,False
4622,False
4397,False
5876,False
4582,False
4412,False
4240,False
5151,False
5084,False
5629,False
4860,False
4390,False
5881,False
4870,False
5980,False
5332,False
5228,False
5673,False
5324,False
5789,False
5523,False
5602,False
4027,False
4314,False
4058,False
4441,False
4408,False
4218,False
5970,False
5901,False
5921,False
4738,False
4284,False
5947,False
4230,False
4297,False
5263,False
5317,False
5709,False
4732,False
5027,False
4854,False
4728,False
5194,False
4558,False
5148,False
4159,False
5855,False
5461,False
5223,False
5258,False
4121,False
5667,False
4367,False
4933,False
4010,False
4008,False
5950,False
4937,False
4245,False
4898,False
5061,False
5926,False
5884,False
4955,False
5676,False
4829,False
4798,False
5886,False
4722,False
4155,False
5008,False
4968,False
5795,False
5058,False
4420,False
5534,False
5106,False
5083,False
4755,False
4002,False
4795,False
4984,False
5721,False
5705,False
5248,False
4467,False
5156,False
5827,False
4776,False
4158,False
4438,False
5869,False
4475,False
5600,False
5630,False
4727,False
4685,False
4778,False
4193,False
4006,False
5608,False
4991,False
4272,False
5268,False
5787,False
5774,False
4277,False
5180,False
5420,False
5459,False
5296,False
4111,False
4293,False
4726,False
4548,False
4643,False
4956,False
4985,False
5821,False
5471,False
4244,False
5701,False
4289,False
5473,False
5236,False
5245,False
5624,False
5293,False
5219,False
5340,False
4623,False
4826,False
5792,False
4514,False
5798,False
5735,False
5711,False
5892,False
5890,False
4487,False
5755,False
4358,False
5275,False
5899,False
5378,False
4524,False
5527,False
4868,False
4016,False
4810,False
4638,False
5872,False
5336,False
5533,False
4107,False
5253,False
4410,False
5849,False
4098,False
4483,False
4003,False
4463,False
5036,False
5841,False
4818,False
5935,False
4793,False
5729,False
4724,False
5285,False
5433,False
4802,False
4352,False
4327,False
4580,False
4943,False
4375,False
4174,False
4316,False
4713,False
5575,False
5825,False
4263,False
5290,False
4362,False
4382,False
4657,False
5917,False
4939,False
4162,False
4440,False
4421,False
5439,False
4693,False
5777,False
4740,False
5123,False
4489,False
5215,False
4662,False
4184,False
5503,False
5327,False
4765,False
5063,False
5738,False
5198,False
5096,False
4676,False
5173,False
5951,False
5254,False
4042,False
4084,False
4474,False
4034,False
4848,False
5053,False
5110,False
4173,False
5244,False
5780,False
5312,False
5909,False
5552,False
4416,False
4074,False
4927,False
4178,False
5679,False
5013,False
4760,False
5415,False
5122,False
4706,False
4540,False
4851,False
5436,False
4873,False
5313,False
5368,False
5286,False
5906,False
5363,False
4809,False
5961,False
4686,False
4112,False
5779,False
4333,False
4612,False
5335,False
5802,False
5403,False
5621,False
4186,False
4509,False
5411,False
5351,False
4950,False
4959,False
5261,False
4383,False
4468,False
4986,False
5405,False
4312,False
4511,False
4953,False
5088,False
5135,False
4682,False
4908,False
4967,False
5819,False
5016,False
4737,False
5067,False
4747,False
5149,False
5276,False
5741,False
5190,False
5164,False
5925,False
5561,False
4555,False
5549,False
4965,False
5333,False
5251,False
5967,False
4597,False
5653,False
4075,False
5140,False
4204,False
4404,False
4587,False
4907,False
5595,False
4082,False
4389,False
4807,False
4201,False
4426,False
4151,False
4141,False
5661,False
4026,False
4001,False
5585,False
5009,False
4414,False
4227,False
4424,False
5371,False
5800,False
5422,False
4556,False
5524,False
4814,False
4221,False
5449,False
5283,False
4460,False
4695,False
5666,False
4200,False
4286,False
5105,False
4334,False
5380,False
4647,False
5087,False
5372,False
5035,False
5367,False
4247,False
4714,False
4417,False
5282,False
5927,False
5265,False
5262,False
5284,False
5662,False
5235,False
4303,False
4796,False
5048,False
5325,False
5155,False
5801,False
5627,False
4532,False
4455,False
4105,False
4177,False
5822,False
5963,False
5887,False
5628,False
5775,False
5339,False
5095,False
5983,False
4291,False
4081,False
4224,False
5392,False
4712,False
4890,False
5702,False
4273,False
4233,False
4298,False
4213,False
4447,False
4744,False
4418,False
5877,False
4229,False
4131,False
4576,False
5497,False
4116,False
4578,False
5131,False
5314,False
4852,False
4168,False
4790,False
5724,False
4249,False
5134,False
4505,False
5828,False
4280,False
4260,False
5074,False
5274,False
5668,False
4641,False
4281,False
4490,False
4310,False
5374,False
4102,False
4290,False
5398,False
5482,False
4054,False
5124,False
4929,False
4528,False
5516,False
5406,False
4190,False
4911,False
5387,False
5988,False
5032,False
5768,False
4088,False
4144,False
4130,False
4363,False
4895,False
5470,False
4995,False
5981,False
4228,False
4507,False
5162,False
5540,False
5477,False
5938,False
5385,False
5618,False
5924,False
5515,False
5169,False
4678,False
5742,False
4902,False
5574,False
5991,False
5987,False
5412,False
4341,False
4009,False
4858,False
4406,False
5311,False
5365,False
4878,False
5428,False
5476,False
5805,False
4337,False
5357,False
4442,False
5250,False
4237,False
4731,False
4070,False
4914,False
4288,False
4700,False
4004,False
4050,False
4013,False
4101,False
5019,False
4443,False
4499,False
4596,False
4877,False
5115,False
5227,False
5793,False
4452,False
4628,False
4172,False
5416,False
5577,False
5750,False
5615,False
5348,False
4445,False
5181,False
5571,False
4733,False
4083,False
5584,False
4092,False
4783,False
5281,False
5341,False
4954,False
4975,False
4345,False
4813,False
4120,False
4897,False
4820,False
5748,False
4313,False
5573,False
5343,False
5069,False
5137,False
5919,False
4976,False
5786,False
5563,False
5455,False
4000,False
4944,False
4625,False
5541,False
4517,False
4769,False
4922,False
4212,False
5554,False
4118,False
5120,False
5717,False
4216,False
5366,False
5487,False
4330,False
5212,False
5498,False
4261,False
5031,False
5863,False
4052,False
4921,False
5011,False
5089,False
5321,False
5932,False
5984,False
5959,False
5082,False
5703,False
5434,False
4748,False
5092,False
5119,False
5112,False
4458,False
5558,False
4620,False
5288,False
4701,False
4872,False
4192,False
5836,False
5342,False
5873,False
5547,False
5207,False
4588,False
5529,False
4384,False
5810,False
4545,False
4378,False
5079,False
4533,False
5192,False
4549,False
5448,False
4257,False
5770,False
5908,False
5694,False
5978,False
5641,False
4575,False
5698,False
5442,False
4948,False
4264,False
4226,False
4180,False
4609,False
5658,False
5848,False
4185,False
5029,False
5670,False
4403,False
4319,False
5021,False
5716,False
5622,False
4124,False
5028,False
5204,False
5830,False
5200,False
5168,False
5179,False
4400,False
5936,False
5975,False
5270,False
4032,False
5654,False
4234,False
4370,False
4642,False
5912,False
5882,False
4934,False
5437,False
4564,False
5113,False
4067,False
5499,False
5914,False
5916,False
5824,False
4624,False
4928,False
5264,False
4123,False
5905,False
5754,False
4282,False
5875,False
5976,False
4029,False
4520,False
5201,False
4147,False
5023,False
4951,False
4231,False
4459,False
4515,False
4691,False
4684,False
5303,False
4689,False
4307,False
4089,False
4771,False
4299,False
4478,False
5555,False
4560,False
4278,False
4516,False
5734,False
5648,False
5834,False
4716,False
5326,False
5998,False
4189,False
5753,False
4903,False
4881,False
4059,False
4324,False
5850,False
4225,False
4391,False
5249,False
4660,False
5107,False
4419,False
5966,False
4664,False
4153,False
5417,False
5177,False
4022,False
4979,False
4630,False
4709,False
5898,False
5762,False
4086,False
4708,False
5697,False
4786,False
4069,False
4614,False
5842,False
5431,False
5562,False
4598,False
5599,False
4453,False
5297,False
4659,False
5424,False
5280,False
5846,False
5307,False
4109,False
4629,False
4750,False
5182,False
5056,False
5634,False
4496,False
4476,False
4472,False
5383,False
4320,False
4323,False
5652,False
4752,False
5566,False
5997,False
5007,False
4687,False
4562,False
5920,False
5813,False
5225,False
5041,False
5597,False
5785,False
5318,False
5939,False
5166,False
5580,False
4183,False
5109,False
5520,False
5014,False
5889,False
5104,False
5678,False
4669,False
5536,False
5610,False
5438,False
5843,False
4910,False
