,y_hat
3031,False
3395,False
2240,False
2796,False
3131,False
2707,False
2877,False
2798,False
3118,False
3339,False
3660,False
2111,False
2572,False
3352,False
2455,False
2126,False
2348,False
2702,False
2088,False
3812,False
3183,False
3380,False
3658,False
2527,False
3107,False
3269,False
2522,False
2938,False
3481,False
2779,False
2493,False
3962,False
2041,False
3217,False
2468,False
2603,False
3591,False
2898,False
2677,False
3617,False
3232,False
2316,False
2314,False
2249,False
2248,False
3857,False
2453,False
3880,False
3835,False
2594,False
3231,False
2891,False
2210,False
2409,False
3041,False
3883,False
2775,False
2820,False
3463,False
3427,False
2446,False
3391,False
2948,False
2789,False
2357,False
3726,False
2719,False
2940,False
2963,False
3795,False
2748,False
3102,False
3536,False
2232,False
3910,False
3076,False
2219,False
2979,False
3351,False
3295,False
3953,False
2732,False
2812,False
3693,False
3033,False
2096,False
3347,False
2471,False
2180,False
3793,False
2862,False
3016,False
2414,False
2230,False
2973,False
3712,False
3590,False
3578,False
3526,False
3147,False
2121,False
2257,False
2485,False
2322,False
3247,False
3014,False
3401,False
3216,False
3096,False
3742,False
3205,False
2709,False
3923,False
2626,False
3623,False
2380,False
3480,False
2569,False
2291,False
2782,False
3176,False
3725,False
2854,False
3925,False
3296,False
2044,False
2977,False
3603,False
2559,False
2605,False
2990,False
3087,False
2769,False
2799,False
2826,False
3284,False
3798,False
2906,False
3719,False
3673,False
3647,False
3662,False
3665,False
2297,False
3936,False
3641,False
3450,False
3803,False
3633,False
3019,False
2811,False
3680,False
3151,False
3026,False
3904,False
3039,False
3047,False
3821,False
3738,False
2874,False
3513,False
2614,False
3859,False
2163,False
2206,False
2584,False
2589,False
2443,False
3937,False
3265,False
3583,False
2819,False
2673,False
2139,False
3040,False
3452,False
3138,False
2091,False
2921,False
2588,False
2401,False
3768,False
3336,False
2323,False
3604,False
2486,False
2252,False
3088,False
3664,False
2916,False
2818,False
3649,False
2331,False
3136,False
2942,False
2395,False
2699,False
3457,False
2599,False
3804,False
3421,False
3280,False
3584,False
3100,False
2481,False
3934,False
3243,False
2843,False
2691,False
2668,False
3850,False
3288,False
2112,False
3134,False
3285,False
3886,False
3703,False
2490,False
2225,False
3558,False
3178,False
3042,False
3823,False
3120,False
3518,False
3731,False
3283,False
3126,False
3419,False
2308,False
2932,False
3074,False
3025,False
2405,False
2495,False
2354,False
2661,False
2228,False
3826,False
2612,False
2956,False
2426,False
3565,False
3203,False
3829,False
2743,False
3984,False
3846,False
2923,False
2988,False
2791,False
3770,False
2081,False
3338,False
2350,False
3858,False
3615,False
2031,False
3085,False
3077,False
3153,False
3013,False
2903,False
3106,False
3601,False
2853,False
3730,False
2876,False
3635,False
3945,False
2254,False
3956,False
3255,False
2013,False
3242,False
2672,False
2449,False
2959,False
2667,False
2816,False
3067,False
3820,False
2246,False
3563,False
3385,False
2610,False
3487,False
3297,False
3697,False
3333,False
3864,False
2765,False
2406,False
2344,False
2660,False
3777,False
2529,False
2247,False
3842,False
2131,False
3498,False
3399,False
3364,False
2571,False
2730,False
2616,False
3201,False
2950,False
2682,False
3876,False
2980,False
2419,False
2777,False
2268,False
3495,False
3531,False
3240,False
2717,False
2463,False
2885,False
3908,False
3569,False
2343,False
3262,False
3505,False
2543,False
2334,False
3605,False
3593,False
2630,False
2432,False
3574,False
2425,False
2810,False
2575,False
2566,False
2680,False
3488,False
3018,False
2012,False
2739,False
2451,False
2706,False
3438,False
2585,False
2838,False
3253,False
2523,False
3616,False
2001,False
2114,False
3860,False
3575,False
2900,False
3877,False
3966,False
3974,False
3706,False
2098,False
3410,False
2720,False
2871,False
3614,False
3720,False
2851,False
3737,False
3187,False
2008,False
2021,False
2319,False
2638,False
3192,False
2194,False
3580,False
2619,False
3429,False
2499,False
2592,False
2924,False
2417,False
2317,False
2966,False
2652,False
3443,False
2845,False
3710,False
2142,False
3166,False
2178,False
2222,False
3677,False
2123,False
2671,False
2824,False
2955,False
3624,False
3367,False
3690,False
2985,False
3997,False
2631,False
2927,False
2976,False
3477,False
2361,False
2265,False
3851,False
3921,False
3068,False
2392,False
3636,False
3171,False
3444,False
3947,False
2130,False
3556,False
2928,False
3621,False
3902,False
2060,False
2622,False
3560,False
2089,False
3486,False
3748,False
3678,False
3976,False
3752,False
3116,False
2214,False
3355,False
2801,False
3464,False
3541,False
3654,False
3579,False
3161,False
2646,False
3370,False
2278,False
2641,False
2115,False
3853,False
3613,False
2270,False
2053,False
2577,False
3030,False
2482,False
3294,False
3716,False
2263,False
3980,False
3571,False
3696,False
2518,False
2253,False
2648,False
2470,False
3816,False
3078,False
3133,False
3588,False
2937,False
2886,False
2635,False
2457,False
3199,False
2939,False
3884,False
3681,False
2681,False
3944,False
3881,False
3532,False
2510,False
2478,False
2424,False
2207,False
2231,False
2179,False
2725,False
3020,False
3951,False
2260,False
3278,False
3995,False
3792,False
2275,False
3036,False
2904,False
3705,False
2919,False
2006,False
2766,False
3202,False
2705,False
3474,False
2776,False
2046,False
2149,False
3378,False
3357,False
2722,False
3119,False
3441,False
3142,False
2666,False
3241,False
3838,False
3490,False
3214,False
3101,False
2800,False
2106,False
2524,False
3828,False
2280,False
2850,False
2077,False
3740,False
2865,False
3986,False
3015,False
2756,False
2433,False
3114,False
2299,False
2332,False
2975,False
3824,False
3582,False
3007,False
3063,False
3058,False
3084,False
2087,False
3069,False
3744,False
3546,False
2170,False
2696,False
2227,False
2611,False
3362,False
2329,False
2639,False
2656,False
3930,False
3692,False
2281,False
3784,False
3108,False
2108,False
2373,False
2596,False
3679,False
3323,False
2153,False
2856,False
3179,False
2429,False
3470,False
2150,False
3071,False
2326,False
2239,False
2643,False
3343,False
2675,False
3916,False
2383,False
3311,False
3849,False
2283,False
2340,False
2118,False
3447,False
2813,False
3375,False
3834,False
3286,False
3929,False
2829,False
3465,False
2440,False
2267,False
3735,False
2336,False
3709,False
3506,False
3926,False
2272,False
3368,False
2062,False
2271,False
3104,False
2644,False
3054,False
3657,False
3109,False
2469,False
3612,False
3065,False
3473,False
3012,False
2941,False
3163,False
3081,False
2160,False
3204,False
2542,False
2189,False
3627,False
2783,False
2356,False
3411,False
3160,False
2152,False
3831,False
2695,False
3707,False
2186,False
2834,False
2910,False
2042,False
2028,False
3788,False
3698,False
3414,False
3430,False
3442,False
3135,False
2556,False
3683,False
2435,False
2653,False
3691,False
3331,False
2520,False
2276,False
2513,False
3062,False
2022,False
3412,False
2735,False
3454,False
3092,False
2770,False
2474,False
3194,False
2970,False
2099,False
3226,False
2404,False
2562,False
3687,False
3892,False
2740,False
3843,False
3651,False
2952,False
3144,False
2187,False
3298,False
3052,False
3051,False
2188,False
3453,False
2742,False
2526,False
2658,False
2420,False
2256,False
2687,False
3548,False
2809,False
3746,False
3517,False
2172,False
3170,False
2407,False
3965,False
2459,False
2905,False
2029,False
2964,False
3369,False
3666,False
3095,False
2465,False
2586,False
3484,False
3819,False
3221,False
2597,False
3146,False
3796,False
3713,False
2726,False
2617,False
3562,False
2762,False
2137,False
2412,False
2752,False
2786,False
3983,False
2785,False
3449,False
2066,False
2768,False
2607,False
3924,False
3919,False
2530,False
2054,False
3969,False
2069,False
2285,False
3638,False
3626,False
3257,False
3833,False
2582,False
3489,False
2882,False
3747,False
3371,False
2033,False
3034,False
3509,False
2965,False
2492,False
2884,False
3225,False
2464,False
3852,False
3301,False
3729,False
3841,False
3938,False
2058,False
3914,False
2531,False
2050,False
2065,False
2100,False
3511,False
3894,False
3508,False
3757,False
2760,False
2576,False
2442,False
3646,False
2773,False
2288,False
3237,False
3992,False
2166,False
2817,False
2312,False
3394,False
2197,False
2692,False
2664,False
3181,False
2274,False
2101,False
2293,False
2458,False
3840,False
3462,False
3177,False
3191,False
2437,False
2421,False
3121,False
3472,False
2199,False
2035,False
3684,False
3377,False
3939,False
2313,False
2147,False
3264,False
3510,False
3358,False
2728,False
3837,False
2158,False
3918,False
2461,False
2103,False
3070,False
3620,False
2772,False
3213,False
3999,False
2920,False
2627,False
2310,False
2738,False
3376,False
3197,False
3989,False
2984,False
3117,False
2201,False
3322,False
2148,False
2961,False
2223,False
2164,False
3708,False
2947,False
2217,False
2944,False
3017,False
2734,False
3845,False
3162,False
3327,False
3098,False
3139,False
2868,False
2634,False
3797,False
3659,False
3676,False
2242,False
2411,False
3383,False
3094,False
2516,False
2452,False
3749,False
3032,False
3267,False
3289,False
2306,False
2466,False
3337,False
3721,False
2177,False
3359,False
3783,False
2751,False
3754,False
2430,False
3003,False
2038,False
2997,False
3634,False
3979,False
3038,False
2436,False
3779,False
2741,False
2650,False
2999,False
2382,False
2729,False
2462,False
3476,False
3027,False
3475,False
2828,False
2557,False
2487,False
3559,False
3771,False
3668,False
3572,False
3650,False
3544,False
2450,False
2993,False
3785,False
2071,False
2587,False
2911,False
2488,False
3125,False
2827,False
3281,False
3491,False
3598,False
2912,False
2659,False
2391,False
2422,False
2325,False
2497,False
2085,False
3685,False
2061,False
2287,False
2913,False
3975,False
3168,False
2690,False
2026,False
3739,False
2842,False
2788,False
2892,False
2498,False
3011,False
2040,False
2501,False
3808,False
3906,False
3775,False
2620,False
2159,False
2082,False
2790,False
3778,False
3417,False
3839,False
2055,False
2624,False
2374,False
3600,False
2825,False
3149,False
2925,False
2156,False
2140,False
3263,False
3319,False
2859,False
3523,False
3277,False
2767,False
2379,False
2855,False
2506,False
2117,False
3688,False
3485,False
2665,False
2236,False
3915,False
2548,False
3972,False
3130,False
3734,False
2218,False
3959,False
3519,False
2122,False
3875,False
3968,False
2132,False
3745,False
2847,False
3073,False
3060,False
3552,False
3186,False
2496,False
3866,False
3218,False
2837,False
2918,False
2095,False
2547,False
2064,False
3227,False
2394,False
3948,False
3911,False
3290,False
2578,False
3597,False
2439,False
2221,False
3363,False
3714,False
3105,False
2360,False
3460,False
3384,False
3539,False
2363,False
2234,False
3335,False
2701,False
3272,False
2193,False
3312,False
2750,False
3780,False
3960,False
3629,False
2084,False
