r_type,t_type,vaccinated_mean,assigned-building_mean,entrance_mean,symptom-free_mean,causes_mean,non-causes_mean,vaccinated_std,assigned-building_std,entrance_std,symptom-free_std,causes_std,non-causes_std
individualized,acceptance,0.0004006452052980664,0.1617978308540533,0.012348178137651822,0.8258582041025919,0.0004006452052980664,1.000004213094297,0.0005486565936464547,0.21887210986454064,0.02761136571406623,0.20891076418039667,0.0005486565936464547,0.0007082708491161115
individualized,improvement,1.0,,,,1.0,0.0,0.0,,,,0.0,0.0
subpopulation,acceptance,0.0,0.15843146722543539,0.01174089068825911,0.8300300712361031,0.0,1.0002024291497975,0.0,0.21393784270540267,0.026253429695341658,0.2046092435281398,0.0,0.0004526453395748036
subpopulation,improvement,1.0,,,,1.0,0.0,0.0,,,,0.0,0.0
