r_type,t_type,eta_mean,gamma_mean,perc_recomm_found_mean,eta_obs_mean,eta_obs_refit_mean,eta_obs_individualized_mean,eta_obs_refits_batch0_mean_mean,gamma_obs_mean,intv-cost_mean,eta_std,gamma_std,perc_recomm_found_std,eta_obs_std,eta_obs_refit_std,eta_obs_individualized_std,eta_obs_refits_batch0_mean_std,gamma_obs_std,intv-cost_std
individualized,acceptance,0.9,0.9,1.0,1.0,0.08883083686232567,,0.8948222875595093,0.04389215968549252,0.10020074391207875,0.0,0.0,0.0,0.0,0.03856855830263683,,0.17924883337415082,0.009814677092662816,0.0002848095300543959
individualized,improvement,0.9,0.9,0.8782911158704738,1.0,1.0,1.0,0.9999542236328125,0.9945637702941894,0.5,0.0,0.0,0.017730263744515872,0.0,0.0,0.0,0.00010235906879424087,0.0017469230125074491,0.0
subpopulation,acceptance,0.9,0.9,1.0,1.0,0.09190576672554016,,0.9018025994300842,0.043685761466622355,0.10002024291497977,0.0,0.0,0.0,0.0,0.03546484469137753,,0.16176959549268843,0.010237746920417547,4.5264533957484163e-05
subpopulation,improvement,0.9,0.9,0.8776973533095547,1.0,1.0,,0.9999542236328125,0.9945595026016235,0.5,0.0,0.0,0.01754770530133181,0.0,0.0,,0.00010235906879424087,0.0017505006256525724,0.0
