,y_hat
2171,False
3695,False
3835,False
2366,False
2623,False
3990,False
3971,False
3380,False
2435,False
3010,False
2271,False
3073,False
2577,False
3267,False
2413,False
2252,False
2128,False
2146,False
2089,False
2411,False
3438,False
3672,False
2484,False
2864,False
3729,False
2781,False
2194,False
3473,False
3028,False
3349,False
3397,False
3474,False
3415,False
3247,False
3139,False
2120,False
2114,False
2373,False
3129,False
3895,False
3310,False
2704,False
2812,False
3467,False
2093,False
3013,False
3747,False
2532,False
3752,False
3278,False
2461,False
2051,False
2086,False
2977,False
2083,False
3890,False
2602,False
3387,False
2666,False
2642,False
2247,False
2385,False
3297,False
2460,False
2930,False
2771,False
3005,False
3601,False
3840,False
3560,False
2343,False
3038,False
2502,False
2962,False
3792,False
2732,False
3194,False
3657,False
3298,False
2667,False
3739,False
2762,False
3883,False
3916,False
3036,False
3634,False
3756,False
3377,False
3140,False
3459,False
3224,False
2765,False
3574,False
2009,False
2025,False
2421,False
2266,False
2095,False
3640,False
3032,False
3830,False
2314,False
2042,False
2427,False
2896,False
2277,False
2181,False
3230,False
3031,False
3954,False
2224,False
2795,False
3361,False
2952,False
2455,False
3334,False
3483,False
2066,False
2100,False
3049,False
3732,False
2743,False
3614,False
2203,False
2925,False
3661,False
2634,False
2185,False
3795,False
3811,False
2218,False
2178,False
3374,False
2593,False
2584,False
3936,False
3182,False
2433,False
3455,False
2125,False
2021,False
2876,False
3952,False
2022,False
2485,False
2857,False
2136,False
3443,False
3098,False
2028,False
3804,False
2497,False
3487,False
3251,False
2164,False
3043,False
2156,False
3484,False
2024,False
3921,False
3161,False
2899,False
3486,False
3061,False
2705,False
3983,False
3212,False
2458,False
2404,False
2489,False
2958,False
2599,False
3496,False
2884,False
3293,False
2818,False
3858,False
3551,False
2133,False
3926,False
3190,False
3469,False
2340,False
3697,False
3257,False
2500,False
2744,False
2000,False
2344,False
3141,False
3774,False
2159,False
3975,False
2974,False
2659,False
2307,False
3391,False
2453,False
3935,False
3399,False
3731,False
3810,False
2894,False
3065,False
2523,False
2624,False
3489,False
3149,False
2764,False
3272,False
3543,False
2515,False
2754,False
3447,False
3686,False
3860,False
3748,False
2933,False
3872,False
2035,False
3052,False
3152,False
2334,False
2393,False
2713,False
2660,False
2140,False
3559,False
2483,False
2740,False
3207,False
3356,False
3981,False
3275,False
2982,False
2645,False
3698,False
3888,False
2475,False
2543,False
3849,False
2041,False
3607,False
2508,False
2477,False
3274,False
3147,False
3649,False
2918,False
3063,False
2049,False
3142,False
3375,False
3875,False
3062,False
2689,False
3323,False
2949,False
2961,False
2038,False
2967,False
3480,False
3156,False
3868,False
2410,False
3221,False
3408,False
2337,False
3924,False
3714,False
2844,False
2124,False
2258,False
3781,False
3969,False
3071,False
3958,False
3966,False
2065,False
2724,False
2827,False
2200,False
3189,False
2989,False
3045,False
3491,False
3557,False
2381,False
3215,False
3593,False
3535,False
2928,False
3874,False
3768,False
2626,False
3575,False
2075,False
3630,False
2107,False
3885,False
3235,False
3229,False
3107,False
2905,False
3332,False
3844,False
2236,False
3769,False
2212,False
3542,False
3317,False
3389,False
3800,False
3746,False
2684,False
3645,False
3113,False
2047,False
2948,False
3173,False
2354,False
2809,False
2873,False
3644,False
2891,False
3779,False
2880,False
2978,False
2220,False
2193,False
2535,False
3056,False
2396,False
2142,False
2512,False
3851,False
2564,False
3044,False
3216,False
3766,False
3694,False
3963,False
2007,False
3427,False
2671,False
3598,False
2787,False
2214,False
2269,False
2574,False
3740,False
2533,False
3674,False
2761,False
3046,False
2815,False
2863,False
2165,False
2549,False
2881,False
3188,False
2434,False
3488,False
2145,False
2970,False
3722,False
2902,False
3635,False
3833,False
2968,False
2822,False
2375,False
2782,False
2821,False
3181,False
2264,False
3417,False
2900,False
2785,False
3205,False
3494,False
2985,False
3523,False
2555,False
3347,False
3870,False
2943,False
2746,False
2113,False
2590,False
2379,False
3909,False
3878,False
3887,False
3450,False
2998,False
2579,False
3172,False
2657,False
2006,False
2130,False
2480,False
2562,False
2695,False
2278,False
3920,False
3565,False
3942,False
2284,False
3068,False
2803,False
2478,False
2149,False
3580,False
2291,False
3402,False
2849,False
3980,False
3962,False
3236,False
2069,False
2167,False
3684,False
3388,False
2168,False
3553,False
2405,False
2470,False
3165,False
2510,False
2345,False
3023,False
3996,False
2752,False
2202,False
3228,False
3398,False
3807,False
2207,False
3454,False
2779,False
3329,False
2365,False
2071,False
2644,False
2182,False
3828,False
3237,False
3460,False
2302,False
3232,False
3710,False
3080,False
2511,False
3705,False
3121,False
2448,False
2633,False
3501,False
2063,False
2852,False
3892,False
2101,False
2014,False
3386,False
2346,False
3145,False
2696,False
3064,False
3444,False
3592,False
3727,False
3208,False
3985,False
3280,False
2700,False
2630,False
2750,False
2736,False
2622,False
2008,False
3571,False
2575,False
2589,False
2802,False
3133,False
2920,False
3533,False
2615,False
3242,False
2380,False
2879,False
2449,False
2662,False
2865,False
2029,False
2531,False
3030,False
2476,False
2141,False
2557,False
3303,False
3404,False
2399,False
2773,False
3943,False
3913,False
2718,False
3905,False
2144,False
2082,False
3777,False
2496,False
3973,False
3896,False
3950,False
3335,False
2451,False
2430,False
2755,False
3476,False
3245,False
2521,False
2017,False
3087,False
3155,False
3643,False
3006,False
2747,False
2753,False
2591,False
2830,False
2783,False
2276,False
3512,False
3623,False
2545,False
2814,False
2078,False
2117,False
2941,False
3798,False
2959,False
3626,False
2504,False
3673,False
2806,False
3713,False
3636,False
3146,False
2611,False
3060,False
3823,False
3842,False
3765,False
2098,False
2358,False
3015,False
3148,False
3904,False
2274,False
3253,False
3157,False
3637,False
2731,False
3561,False
2309,False
3346,False
2257,False
3907,False
2213,False
2566,False
2044,False
2238,False
3504,False
2039,False
2697,False
3301,False
3604,False
2328,False
3658,False
3715,False
2963,False
2290,False
3003,False
2576,False
3742,False
2459,False
3939,False
3615,False
3252,False
3471,False
2466,False
3379,False
2166,False
3167,False
2915,False
3518,False
3313,False
2263,False
2191,False
2536,False
2059,False
2810,False
2886,False
3691,False
2514,False
3690,False
2715,False
2316,False
3055,False
3619,False
2524,False
2721,False
3670,False
2658,False
3509,False
2403,False
3423,False
3077,False
3384,False
3526,False
3179,False
2210,False
3451,False
3273,False
2735,False
3587,False
2135,False
2627,False
3218,False
2955,False
2326,False
2102,False
3778,False
3585,False
2907,False
2281,False
2909,False
3612,False
3758,False
3513,False
3135,False
2195,False
2811,False
2522,False
3050,False
2665,False
3754,False
2766,False
2518,False
2338,False
3668,False
3707,False
2871,False
2378,False
3548,False
2313,False
3328,False
3432,False
2539,False
3352,False
3287,False
3822,False
2561,False
2408,False
2176,False
2429,False
3394,False
3955,False
3452,False
2866,False
3308,False
2988,False
2582,False
3069,False
3994,False
2350,False
2016,False
2730,False
3606,False
2749,False
2596,False
3096,False
3829,False
2889,False
2062,False
2509,False
3813,False
3426,False
2353,False
2701,False
3109,False
2540,False
3430,False
2327,False
2154,False
3716,False
2386,False
2390,False
2870,False
2119,False
3502,False
2198,False
3915,False
3853,False
2446,False
3282,False
3392,False
2947,False
2169,False
3568,False
3223,False
2601,False
2332,False
2472,False
2398,False
3704,False
2020,False
2134,False
3076,False
3723,False
2228,False
3321,False
2526,False
3910,False
3091,False
2826,False
2329,False
2342,False
3808,False
2253,False
3537,False
2241,False
2183,False
2625,False
3525,False
3166,False
3368,False
3847,False
2991,False
3977,False
2737,False
2227,False
2438,False
3706,False
2883,False
2969,False
2229,False
3233,False
3806,False
3717,False
3506,False
3579,False
3625,False
3014,False
3319,False
3566,False
2272,False
2565,False
2877,False
2079,False
3162,False
3211,False
2295,False
2150,False
2685,False
2389,False
2520,False
2956,False
2450,False
3521,False
2300,False
2397,False
2738,False
2197,False
3416,False
3126,False
3817,False
3867,False
3589,False
3266,False
3899,False
3337,False
2824,False
2711,False
3196,False
3288,False
2678,False
3545,False
3187,False
2669,False
2641,False
2767,False
3079,False
3448,False
2001,False
3662,False
2415,False
2651,False
3433,False
2310,False
2927,False
2546,False
3632,False
3770,False
3413,False
3411,False
3956,False
2843,False
2216,False
3711,False
3039,False
2364,False
3846,False
3629,False
2838,False
3937,False
2308,False
2387,False
3316,False
3527,False
2440,False
3248,False
2081,False
3577,False
3617,False
3422,False
2719,False
2004,False
2282,False
2173,False
2132,False
2836,False
2245,False
2219,False
3264,False
2786,False
2186,False
2554,False
3665,False
2357,False
3362,False
2053,False
3101,False
2720,False
3094,False
2686,False
2367,False
2681,False
2323,False
2542,False
3692,False
2023,False
3735,False
3493,False
3490,False
3701,False
2888,False
2850,False
2570,False
3175,False
2426,False
2788,False
2092,False
2620,False
2734,False
3012,False
3824,False
2770,False
2733,False
2221,False
3941,False
3510,False
2432,False
2192,False
3442,False
3652,False
2040,False
2147,False
2800,False
3160,False
3456,False
3515,False
2932,False
3676,False
3582,False
2597,False
3401,False
2027,False
2196,False
2688,False
3900,False
3192,False
3249,False
3164,False
3500,False
2887,False
2653,False
2347,False
3240,False
2108,False
2869,False
2138,False
3186,False
3406,False
3802,False
2442,False
3170,False
2015,False
3214,False
3089,False
3163,False
2663,False
2823,False
2776,False
2914,False
2312,False
2608,False
2742,False
3541,False
2553,False
3550,False
3667,False
2648,False
2708,False
3336,False
2519,False
3730,False
2129,False
3639,False
2618,False
3363,False
2088,False
3949,False
3621,False
2370,False
3258,False
2940,False
3586,False
2273,False
2698,False
2131,False
3344,False
2090,False
2759,False
3396,False
3745,False
3059,False
3390,False
3663,False
2127,False
3033,False
2559,False
3993,False
3590,False
3202,False
3736,False
3520,False
2384,False
2270,False
3381,False
3519,False
2362,False
3531,False
3130,False
2215,False
2189,False
3620,False
2628,False
2610,False
3516,False
2530,False
2741,False
2061,False
3603,False
3434,False
3961,False
2201,False
2859,False
2999,False
3664,False
3358,False
2481,False
2416,False
2709,False
3428,False
3976,False
2820,False
2760,False
3818,False
2494,False
2680,False
3367,False
2672,False
2960,False
3998,False
3120,False
3446,False
3591,False
3999,False
2819,False
3931,False
2690,False
3371,False
2513,False
2652,False
2728,False
2315,False
3517,False
3647,False
2401,False
2995,False
2975,False
3291,False
3472,False
