,y_hat
4931,False
4759,False
4017,False
5389,False
4993,False
5332,False
4845,False
5502,False
5337,False
4721,False
4336,False
4141,False
5827,False
5263,False
5025,False
5415,False
5381,False
4725,False
5069,False
4048,False
4325,False
5736,False
4065,False
5503,False
4331,False
4391,False
5808,False
5678,False
4749,False
4346,False
5189,False
5871,False
5413,False
4786,False
5228,False
4712,False
4973,False
5011,False
4136,False
4173,False
5785,False
5877,False
4633,False
4293,False
5583,False
5991,False
5356,False
5865,False
5747,False
4085,False
5211,False
4887,False
4507,False
4538,False
4625,False
5849,False
4045,False
5768,False
4064,False
5670,False
5660,False
4659,False
5061,False
5204,False
5814,False
5430,False
5276,False
5788,False
4155,False
4037,False
4376,False
5335,False
5247,False
4578,False
4195,False
5870,False
4684,False
4944,False
5981,False
5256,False
4146,False
4479,False
5682,False
4079,False
5970,False
4024,False
5508,False
5009,False
4979,False
5157,False
4202,False
4439,False
4041,False
4620,False
4953,False
4126,False
4228,False
5151,False
4529,False
4959,False
4312,False
5640,False
5483,False
4747,False
5166,False
4914,False
4894,False
5902,False
4297,False
4499,False
5326,False
4147,False
5974,False
4338,False
4255,False
4615,False
5848,False
4818,False
5236,False
5913,False
4406,False
4226,False
4355,False
4362,False
4665,False
5022,False
5880,False
5615,False
5501,False
4926,False
5121,False
4826,False
4602,False
5534,False
4320,False
5801,False
5760,False
4413,False
4687,False
5004,False
5083,False
5684,False
4264,False
4074,False
4142,False
5383,False
5459,False
4908,False
4807,False
4432,False
4475,False
4868,False
4443,False
4853,False
5541,False
4888,False
5961,False
5718,False
5645,False
4938,False
5411,False
4742,False
4268,False
4701,False
5126,False
4256,False
5820,False
4001,False
5896,False
4086,False
4187,False
5784,False
4026,False
4152,False
5810,False
5677,False
4451,False
5002,False
4446,False
5512,False
5088,False
4673,False
4548,False
4494,False
4018,False
4375,False
5042,False
4456,False
5555,False
5284,False
4778,False
4390,False
4707,False
4822,False
5548,False
4175,False
5266,False
4866,False
4153,False
5071,False
4893,False
5058,False
5106,False
5900,False
4109,False
5663,False
5401,False
5026,False
5171,False
4118,False
4421,False
5208,False
5237,False
5726,False
5764,False
5885,False
5911,False
4606,False
4882,False
4817,False
4834,False
5250,False
4609,False
4137,False
4431,False
5941,False
5462,False
5653,False
4798,False
4260,False
5216,False
5767,False
4590,False
4828,False
4636,False
5373,False
4871,False
4847,False
4189,False
5119,False
5995,False
4776,False
5365,False
4364,False
4348,False
5957,False
5406,False
5617,False
5253,False
4464,False
5300,False
4111,False
4836,False
5068,False
4094,False
4337,False
4811,False
4281,False
4851,False
4496,False
5596,False
5227,False
4373,False
5511,False
5472,False
4903,False
4159,False
4766,False
5787,False
5177,False
5303,False
4550,False
4846,False
4385,False
4881,False
5711,False
5452,False
4388,False
4940,False
5708,False
5676,False
4231,False
5053,False
4272,False
5241,False
5629,False
5040,False
5696,False
4023,False
4963,False
4708,False
4653,False
4310,False
4081,False
5782,False
5399,False
5128,False
4198,False
4648,False
4286,False
4955,False
4610,False
4164,False
5085,False
4508,False
5777,False
4197,False
4929,False
5368,False
5983,False
4125,False
4244,False
4663,False
4652,False
4525,False
4352,False
5431,False
5240,False
4098,False
5727,False
5486,False
5968,False
5229,False
5213,False
5010,False
4497,False
5638,False
5432,False
5944,False
4736,False
5649,False
4724,False
4502,False
5997,False
4555,False
4185,False
5595,False
5933,False
5423,False
4050,False
5333,False
4500,False
5664,False
5878,False
4492,False
4524,False
5668,False
5270,False
4689,False
5467,False
5834,False
5274,False
5340,False
5749,False
5051,False
4735,False
5481,False
5565,False
5889,False
4287,False
5394,False
5779,False
4825,False
4784,False
5656,False
5101,False
5588,False
4381,False
4890,False
5716,False
5407,False
5034,False
5685,False
4491,False
5673,False
4886,False
5309,False
4703,False
5164,False
4047,False
5420,False
4394,False
4027,False
4539,False
5729,False
4835,False
5182,False
5743,False
5150,False
4482,False
4250,False
5910,False
5669,False
4635,False
4414,False
4559,False
4597,False
5065,False
4208,False
5862,False
4201,False
5230,False
4106,False
4722,False
4649,False
5818,False
4830,False
4527,False
4004,False
5691,False
4994,False
4719,False
4937,False
5147,False
5036,False
4569,False
4964,False
5796,False
5646,False
4440,False
4521,False
4167,False
5666,False
5089,False
5518,False
5857,False
4283,False
4212,False
4693,False
5712,False
5723,False
4055,False
5748,False
4976,False
5179,False
4917,False
4634,False
4670,False
5392,False
4318,False
5730,False
5648,False
5823,False
5850,False
5496,False
5888,False
4760,False
5881,False
4127,False
5883,False
4412,False
4630,False
4340,False
4902,False
5725,False
4437,False
4436,False
5586,False
5829,False
4750,False
4225,False
5525,False
5567,False
4207,False
4012,False
4632,False
5447,False
4341,False
4121,False
4408,False
5549,False
4861,False
5783,False
4033,False
4793,False
4906,False
5299,False
5987,False
4020,False
4059,False
4595,False
4968,False
4794,False
4565,False
4852,False
4407,False
4347,False
5320,False
4642,False
5774,False
4466,False
5279,False
4132,False
5218,False
5908,False
5035,False
4829,False
5551,False
4301,False
4820,False
5636,False
5028,False
5321,False
4593,False
4869,False
5156,False
5956,False
5243,False
5989,False
5864,False
4438,False
5579,False
5821,False
5497,False
4003,False
5824,False
4688,False
4342,False
4921,False
5844,False
4515,False
4899,False
4672,False
5248,False
5272,False
5576,False
5523,False
5079,False
4950,False
4577,False
5165,False
4144,False
5923,False
5281,False
5014,False
4129,False
4859,False
5421,False
5027,False
4878,False
5608,False
4987,False
4855,False
4737,False
4157,False
4317,False
4854,False
5905,False
4469,False
5115,False
4556,False
5616,False
5278,False
5791,False
5807,False
5135,False
4243,False
4246,False
4752,False
4411,False
5959,False
4060,False
5630,False
5826,False
5531,False
5507,False
4378,False
4039,False
4850,False
5914,False
5792,False
4591,False
4099,False
5769,False
5939,False
4961,False
4946,False
4102,False
4483,False
5393,False
5590,False
5080,False
4359,False
4392,False
4061,False
4223,False
4238,False
5516,False
4409,False
5698,False
5084,False
5286,False
5868,False
4933,False
5735,False
5376,False
4415,False
5029,False
4791,False
4360,False
4417,False
5935,False
4069,False
4285,False
5285,False
4740,False
5860,False
4804,False
5690,False
5450,False
4162,False
4053,False
4656,False
5059,False
5611,False
5621,False
4000,False
5620,False
5095,False
4958,False
5289,False
4582,False
5800,False
4351,False
4498,False
5697,False
5794,False
4777,False
4444,False
4206,False
4775,False
5478,False
5371,False
5980,False
4711,False
5720,False
5920,False
5929,False
5283,False
5927,False
5665,False
5477,False
4013,False
4110,False
5437,False
4781,False
5897,False
5626,False
5334,False
5412,False
5510,False
5075,False
4288,False
5951,False
5840,False
4728,False
4816,False
4158,False
4594,False
5456,False
4984,False
5074,False
5996,False
5771,False
4454,False
4930,False
5269,False
5448,False
4789,False
4423,False
5336,False
4356,False
5830,False
5469,False
4997,False
5222,False
4176,False
4236,False
5214,False
4583,False
4975,False
5962,False
4219,False
5658,False
5308,False
4096,False
4795,False
5831,False
4579,False
5403,False
4404,False
5662,False
4261,False
5605,False
4623,False
4254,False
5931,False
5466,False
5195,False
5259,False
4848,False
4022,False
4809,False
4900,False
5992,False
5113,False
5686,False
5319,False
4821,False
4999,False
4424,False
4806,False
4895,False
4169,False
4253,False
4874,False
5655,False
5746,False
4315,False
5879,False
4982,False
5203,False
5395,False
4429,False
5041,False
4948,False
5988,False
4365,False
5202,False
5763,False
5641,False
5632,False
5561,False
5345,False
4182,False
5258,False
5517,False
5037,False
4114,False
5575,False
5709,False
4549,False
5328,False
5244,False
5370,False
4576,False
5120,False
5505,False
5369,False
4034,False
5427,False
4363,False
4343,False
5781,False
5312,False
4801,False
4831,False
4909,False
5193,False
5265,False
5064,False
4661,False
5724,False
4082,False
4705,False
5733,False
4986,False
4896,False
5667,False
5306,False
5304,False
5468,False
4188,False
4683,False
4329,False
5136,False
5717,False
4332,False
4897,False
4780,False
5566,False
5187,False
5802,False
4912,False
5291,False
5926,False
5654,False
5443,False
4316,False
5352,False
4996,False
5287,False
4954,False
4700,False
5290,False
4697,False
5129,False
4478,False
5484,False
4969,False
5098,False
5553,False
5835,False
5417,False
4838,False
5485,False
4460,False
4941,False
4812,False
5745,False
4657,False
5358,False
4080,False
4514,False
5594,False
5090,False
4487,False
4474,False
4007,False
4139,False
4692,False
4797,False
4072,False
4650,False
4441,False
4122,False
5475,False
4647,False
4833,False
5439,False
4025,False
5804,False
4124,False
5097,False
4311,False
5520,False
5386,False
4934,False
5192,False
4290,False
5856,False
5384,False
4057,False
5569,False
4754,False
5891,False
5086,False
5625,False
4751,False
5624,False
5056,False
4589,False
5425,False
4765,False
4426,False
4353,False
5233,False
4471,False
5268,False
5713,False
4387,False
5694,False
5099,False
5049,False
4567,False
4530,False
4561,False
4612,False
5955,False
4486,False
5020,False
4843,False
5789,False
5963,False
4501,False
4211,False
4503,False
5015,False
5593,False
5206,False
4573,False
5841,False
5703,False
5170,False
5609,False
4489,False
4030,False
4262,False
4644,False
4554,False
5607,False
4599,False
4240,False
4107,False
4280,False
4744,False
4038,False
5906,False
4427,False
5322,False
4796,False
4481,False
4622,False
5753,False
4077,False
5390,False
5109,False
5925,False
5355,False
5811,False
5003,False
4067,False
4459,False
4860,False
5819,False
4727,False
4335,False
5780,False
5327,False
5828,False
4907,False
5446,False
4367,False
4925,False
5338,False
5110,False
5139,False
4457,False
5707,False
5471,False
4171,False
4788,False
5457,False
5461,False
4054,False
4991,False
5558,False
5408,False
5966,False
4403,False
4827,False
4361,False
4495,False
5480,False
5081,False
5419,False
4420,False
4558,False
5803,False
4396,False
4304,False
5060,False
5762,False
4044,False
4269,False
4292,False
5168,False
5493,False
4088,False
4522,False
4551,False
4258,False
4209,False
4014,False
4199,False
5033,False
4402,False
5657,False
4328,False
4911,False
5521,False
4840,False
4049,False
5295,False
4601,False
5580,False
5491,False
4520,False
5132,False
4133,False
4168,False
5837,False
5582,False
4105,False
5535,False
4696,False
5261,False
5969,False
5692,False
4884,False
4534,False
4194,False
5647,False
5409,False
5301,False
5839,False
4918,False
4787,False
5072,False
5815,False
4248,False
4214,False
4960,False
5249,False
5351,False
4289,False
4319,False
4108,False
5659,False
5479,False
4681,False
5806,False
5887,False
4552,False
5798,False
