r_type,t_type,vaccinated_mean,assigned-building_mean,entrance_mean,symptom-free_mean,causes_mean,non-causes_mean,vaccinated_std,assigned-building_std,entrance_std,symptom-free_std,causes_std,non-causes_std
individualized,acceptance,0.0006071506861397753,0.0258950077628173,0.0004077488915236238,0.9732943827514499,0.0006071506861397753,0.9995971394057908,0.0005543273477433539,0.029141634147238898,0.0005583350981103235,0.029460211013326347,0.0005543273477433539,0.0005516862058423463
individualized,improvement,1.0,,,,1.0,0.0,0.0,,,,0.0,0.0
subpopulation,acceptance,0.0,0.02978742204384772,0.0004077488915236238,0.9702125779561523,0.0,1.0004077488915235,0.0,0.0348718629142209,0.0005583350981103235,0.034871862914220876,0.0,0.0005583350981103091
subpopulation,improvement,1.0,,,,1.0,0.0,0.0,,,,0.0,0.0
