,y_hat
3133,False
2278,False
2297,False
2810,False
3991,False
3636,False
3728,False
2854,False
3426,False
2447,False
2340,False
3247,False
2714,False
2271,False
2546,False
2043,False
2861,False
2377,False
2449,False
2664,False
2135,False
3461,False
3711,False
3722,False
2763,False
2342,False
3983,False
3238,False
3467,False
3468,False
2792,False
3032,False
3531,False
2865,False
3272,False
3190,False
2660,False
2620,False
3596,False
2044,False
2136,False
2369,False
2895,False
2124,False
2887,False
2435,False
2074,False
2092,False
2939,False
3749,False
2008,False
2918,False
2222,False
3169,False
3227,False
2376,False
3537,False
2112,False
3109,False
3369,False
2469,False
2699,False
2452,False
2815,False
2989,False
2768,False
2771,False
3504,False
2762,False
3958,False
3099,False
3850,False
2869,False
2294,False
2602,False
2410,False
2474,False
2680,False
3312,False
2985,False
2300,False
2117,False
3433,False
2363,False
2765,False
3916,False
3845,False
3777,False
2582,False
3951,False
2001,False
3111,False
3902,False
3973,False
2468,False
2494,False
2462,False
3396,False
2121,False
2305,False
3816,False
3464,False
3503,False
3304,False
2625,False
3491,False
2032,False
3528,False
2383,False
3242,False
3466,False
2195,False
2263,False
2309,False
3699,False
3871,False
3361,False
2437,False
2409,False
2931,False
2915,False
2749,False
3930,False
3296,False
2465,False
2652,False
3166,False
3715,False
2330,False
2349,False
3701,False
2528,False
2919,False
2737,False
3301,False
2355,False
2320,False
3815,False
2316,False
3924,False
3785,False
3161,False
3458,False
2684,False
3956,False
3471,False
2521,False
3724,False
2142,False
3005,False
2640,False
2933,False
3867,False
3542,False
2281,False
3507,False
2344,False
2372,False
3584,False
2463,False
3527,False
3615,False
3778,False
2813,False
2382,False
3337,False
3555,False
2990,False
2867,False
3771,False
2843,False
3039,False
3320,False
3018,False
3660,False
2937,False
2545,False
3753,False
2118,False
3475,False
2446,False
3478,False
3802,False
3135,False
2708,False
2050,False
3354,False
3483,False
2507,False
2218,False
3168,False
3431,False
2013,False
2473,False
2804,False
2760,False
3666,False
3137,False
2670,False
3203,False
2024,False
3086,False
3508,False
3741,False
3206,False
2563,False
3548,False
2293,False
2642,False
2899,False
3167,False
3827,False
2916,False
3910,False
3793,False
2745,False
3310,False
3456,False
2047,False
3229,False
3541,False
3263,False
3214,False
3564,False
2020,False
3459,False
2181,False
3709,False
2304,False
3755,False
3350,False
2808,False
2094,False
3624,False
2831,False
2761,False
3283,False
2500,False
3761,False
2509,False
2729,False
2886,False
2759,False
3841,False
3733,False
3177,False
3477,False
2359,False
2071,False
3713,False
3643,False
3485,False
3444,False
3670,False
2033,False
3451,False
3473,False
3923,False
2581,False
3700,False
3759,False
3904,False
2820,False
3589,False
3806,False
3060,False
3343,False
3559,False
3327,False
2688,False
2346,False
2679,False
2402,False
3738,False
2397,False
3393,False
2334,False
3413,False
3059,False
3853,False
2497,False
3338,False
2132,False
2783,False
3966,False
3322,False
3082,False
2775,False
2872,False
2950,False
3613,False
2983,False
3714,False
3280,False
2010,False
2234,False
3016,False
3028,False
2068,False
3437,False
2470,False
2467,False
2988,False
2030,False
3792,False
2529,False
2286,False
3362,False
3840,False
2082,False
2418,False
3415,False
2362,False
2677,False
2685,False
3623,False
2069,False
2114,False
3219,False
2504,False
2180,False
3138,False
3107,False
2461,False
2587,False
3412,False
2566,False
2791,False
2999,False
2920,False
2054,False
3979,False
3357,False
3047,False
3915,False
3780,False
3929,False
2881,False
2099,False
2780,False
3440,False
2202,False
2903,False
3335,False
3389,False
3918,False
3657,False
3430,False
3105,False
2510,False
2399,False
2649,False
2764,False
3154,False
3516,False
2853,False
2512,False
2471,False
3858,False
2007,False
2077,False
2014,False
3038,False
2565,False
2816,False
2584,False
2011,False
3446,False
3088,False
3664,False
3012,False
2511,False
3087,False
2288,False
3729,False
3669,False
3585,False
3520,False
3260,False
3607,False
2628,False
2913,False
3576,False
3140,False
3383,False
2633,False
3865,False
2212,False
3996,False
2493,False
2599,False
3514,False
3549,False
3562,False
3472,False
3674,False
3732,False
2817,False
3934,False
3057,False
2436,False
2967,False
2354,False
2671,False
3067,False
2368,False
2192,False
2926,False
2289,False
2339,False
2574,False
3952,False
3926,False
3209,False
2206,False
2321,False
3532,False
2681,False
2641,False
3388,False
2204,False
2170,False
3963,False
3760,False
3421,False
2901,False
3725,False
3770,False
3390,False
2819,False
2149,False
3132,False
3465,False
2063,False
3690,False
2893,False
3008,False
3638,False
3984,False
3662,False
2525,False
2241,False
2227,False
2896,False
2457,False
2991,False
3372,False
2618,False
3707,False
3534,False
3799,False
3614,False
3474,False
2106,False
2757,False
2433,False
3721,False
2842,False
2770,False
3034,False
2538,False
3114,False
3773,False
2524,False
2481,False
3506,False
3839,False
3159,False
3937,False
3313,False
2087,False
2573,False
3536,False
2146,False
3131,False
3812,False
2025,False
2157,False
2479,False
3307,False
2619,False
3325,False
2296,False
3373,False
2287,False
2213,False
2221,False
2220,False
3525,False
2283,False
3270,False
3775,False
3494,False
3593,False
3236,False
3011,False
3610,False
2269,False
3866,False
2779,False
3402,False
2113,False
3108,False
3496,False
3869,False
3575,False
2839,False
2654,False
3080,False
3303,False
2093,False
3251,False
3786,False
2622,False
2361,False
3378,False
2508,False
2003,False
2753,False
3384,False
2905,False
3939,False
2717,False
3262,False
2801,False
3273,False
3379,False
3567,False
3652,False
3344,False
2850,False
2608,False
3655,False
2062,False
2041,False
2879,False
3882,False
3308,False
2606,False
2927,False
3913,False
2164,False
3284,False
3452,False
2982,False
3544,False
2786,False
3071,False
3487,False
3076,False
3975,False
3961,False
3447,False
2848,False
2358,False
2161,False
2852,False
2965,False
2177,False
3885,False
2611,False
3640,False
3398,False
3435,False
2175,False
2307,False
2998,False
2110,False
2575,False
2917,False
2838,False
3772,False
3551,False
2636,False
3804,False
3055,False
2176,False
2776,False
2626,False
3972,False
3647,False
3156,False
3872,False
2958,False
2653,False
2314,False
2678,False
3340,False
3201,False
2194,False
3552,False
3933,False
3455,False
3191,False
3887,False
3123,False
2201,False
2353,False
2941,False
3462,False
2824,False
3163,False
3181,False
3809,False
2526,False
3030,False
2961,False
3141,False
3295,False
3480,False
2639,False
3116,False
3376,False
2438,False
2295,False
2894,False
3460,False
3365,False
3737,False
3323,False
3781,False
3329,False
3162,False
3425,False
3964,False
2440,False
2857,False
3988,False
2168,False
2255,False
3150,False
3698,False
2956,False
3706,False
3103,False
3696,False
3401,False
3244,False
2000,False
3505,False
2101,False
3925,False
3932,False
2562,False
2335,False
3424,False
3171,False
3298,False
3697,False
2744,False
3225,False
2483,False
3603,False
3299,False
3570,False
2130,False
2755,False
3795,False
2968,False
2687,False
3808,False
2331,False
2211,False
2847,False
3986,False
3377,False
2026,False
2686,False
3993,False
3646,False
3420,False
3315,False
3068,False
3342,False
2823,False
3173,False
3395,False
2005,False
2787,False
3817,False
2544,False
2492,False
2090,False
2318,False
3971,False
3974,False
2864,False
2058,False
3545,False
3513,False
3081,False
2805,False
2774,False
2951,False
2557,False
2120,False
3677,False
2834,False
3237,False
2849,False
2866,False
3411,False
2746,False
3565,False
3679,False
3309,False
2673,False
2366,False
3572,False
3136,False
2260,False
3317,False
2802,False
2720,False
3686,False
3905,False
2276,False
2189,False
3069,False
2158,False
3118,False
3234,False
3814,False
3423,False
2460,False
2336,False
3769,False
2949,False
3153,False
3842,False
2163,False
2536,False
3687,False
3955,False
2016,False
3695,False
3597,False
3720,False
2542,False
3266,False
2609,False
2505,False
2535,False
2605,False
2754,False
3375,False
2959,False
3064,False
2428,False
2694,False
3409,False
3066,False
2690,False
2459,False
2235,False
2736,False
2337,False
2644,False
2274,False
2209,False
3212,False
3977,False
3217,False
3179,False
2800,False
3279,False
3410,False
2994,False
3800,False
3341,False
2825,False
3581,False
3790,False
2550,False
3151,False
3630,False
3210,False
3747,False
2313,False
3347,False
2138,False
3880,False
2357,False
2407,False
3546,False
2794,False
3316,False
2569,False
2727,False
3351,False
2553,False
2105,False
3649,False
3625,False
3500,False
3801,False
3204,False
2398,False
3277,False
2040,False
3921,False
2385,False
2333,False
2875,False
2748,False
2738,False
2148,False
3765,False
2973,False
3253,False
2249,False
2322,False
3569,False
3752,False
2880,False
3917,False
3563,False
3768,False
3946,False
2310,False
2925,False
2570,False
3648,False
2360,False
2091,False
3911,False
3602,False
3089,False
2798,False
2324,False
2975,False
3291,False
3255,False
3165,False
3336,False
3014,False
2165,False
2267,False
3766,False
3139,False
2482,False
3453,False
2523,False
3524,False
3297,False
2143,False
2623,False
2451,False
3001,False
2442,False
3268,False
2045,False
3096,False
2126,False
3521,False
3510,False
2284,False
2301,False
2682,False
3787,False
2705,False
2298,False
3371,False
2145,False
2571,False
3436,False
2315,False
2486,False
2350,False
2302,False
3511,False
2035,False
3215,False
3416,False
3870,False
2230,False
3846,False
2778,False
2405,False
3104,False
2614,False
2127,False
2128,False
2767,False
3819,False
3580,False
2938,False
2365,False
3908,False
2332,False
3062,False
3767,False
3875,False
3439,False
2711,False
2944,False
2540,False
2095,False
2997,False
3539,False
3484,False
3663,False
3020,False
2844,False
3249,False
2243,False
2205,False
2892,False
2076,False
3192,False
3036,False
2242,False
3712,False
3878,False
3639,False
3943,False
3779,False
3642,False
2558,False
2789,False
3053,False
3883,False
3665,False
3100,False
2659,False
2155,False
3723,False
2056,False
3784,False
2404,False
2373,False
3221,False
2389,False
3794,False
3052,False
3265,False
2022,False
2375,False
3543,False
3056,False
3223,False
2065,False
3394,False
2697,False
2713,False
2311,False
2675,False
3997,False
2840,False
3522,False
3127,False
2561,False
2123,False
2290,False
2078,False
2197,False
2995,False
2543,False
2613,False
2400,False
2261,False
2912,False
2996,False
3502,False
3938,False
2672,False
3629,False
2052,False
3893,False
3274,False
3029,False
3900,False
3275,False
3681,False
3736,False
3285,False
2396,False
3999,False
2386,False
2863,False
2904,False
2036,False
2489,False
3106,False
2715,False
2426,False
3726,False
2709,False
3311,False
2166,False
2219,False
3006,False
2245,False
